timestamp,day_ahead_price_gbp_per_mwh,imbalance_price_gbp_per_mwh,ancillary_availability_gbp_per_mw_per_h,carbon_intensity_kg_per_kwh_optional
2025-06-01 00:00:00,13.65,13.61,8.68,0.1117
2025-06-01 01:00:00,11.5,13.01,8.29,0.1142
2025-06-01 02:00:00,20.34,30.56,14.04,0.1309
2025-06-01 03:00:00,28.56,34.78,9.97,0.1826
2025-06-01 04:00:00,37.19,51.23,10.81,0.2189
2025-06-01 05:00:00,37.43,38.49,10.55,0.2221
2025-06-01 06:00:00,58.55,44.37,13.92,0.2586
2025-06-01 07:00:00,56.1,55.13,11.3,0.2696
2025-06-01 08:00:00,58.7,44.53,10.38,0.2896
2025-06-01 09:00:00,73.02,107.16,11.89,0.2906
2025-06-01 10:00:00,91.69,113.43,7.93,0.3005
2025-06-01 11:00:00,81.66,94.41,9.97,0.3775
2025-06-01 12:00:00,77.1,105.68,10.67,0.296
2025-06-01 13:00:00,66.76,26.3,7.81,0.2901
2025-06-01 14:00:00,74.23,87.32,6.96,0.2631
2025-06-01 15:00:00,73.09,44.35,6.48,0.218
2025-06-01 16:00:00,163.63,163.27,7.1,0.2388
2025-06-01 17:00:00,44.44,40.29,5.95,0.1654
2025-06-01 18:00:00,43.2,51.77,4.66,0.1817
2025-06-01 19:00:00,53.87,57.56,5.49,0.1193
2025-06-01 20:00:00,46.47,65.23,3.21,0.0846
2025-06-01 21:00:00,21.69,17.78,6.34,0.1144
2025-06-01 22:00:00,29.4,35.66,4.49,0.0669
2025-06-01 23:00:00,11.59,12.16,6.41,0.1195
2025-06-02 00:00:00,31.23,15.91,3.38,0.0776
2025-06-02 01:00:00,22.98,16.65,9.64,0.1197
2025-06-02 02:00:00,31.62,30.19,9.03,0.107
2025-06-02 03:00:00,15.07,20.09,12.5,0.2588
2025-06-02 04:00:00,187.78,213.9,12.05,0.1504
2025-06-02 05:00:00,42.17,27.4,13.55,0.2262
2025-06-02 06:00:00,239.24,229.17,10.37,0.2843
2025-06-02 07:00:00,65.08,104.48,13.42,0.3018
2025-06-02 08:00:00,65.53,67.71,14.62,0.3121
2025-06-02 09:00:00,66.41,59.89,11.97,0.2871
2025-06-02 10:00:00,82.22,94.35,11.19,0.3405
2025-06-02 11:00:00,78.5,96.47,9.29,0.324
2025-06-02 12:00:00,73.02,63.03,7.21,0.293
2025-06-02 13:00:00,71.62,82.41,8.11,0.2779
2025-06-02 14:00:00,64.16,57.83,3.74,0.2409
2025-06-02 15:00:00,67.13,81.62,4.54,0.1986
2025-06-02 16:00:00,73.82,77.58,1.88,0.2371
2025-06-02 17:00:00,59.19,67.75,3.08,0.2135
2025-06-02 18:00:00,45.76,35.34,4.96,0.1235
2025-06-02 19:00:00,48.67,36.68,4.89,0.1247
2025-06-02 20:00:00,28.34,36.38,4.61,0.1091
2025-06-02 21:00:00,29.55,28.85,5.43,0.1024
2025-06-02 22:00:00,22.58,24.51,3.17,0.1019
2025-06-02 23:00:00,27.26,24.75,6.41,0.1318
2025-06-03 00:00:00,10.0,12.7,6.98,0.091
2025-06-03 01:00:00,14.22,11.63,8.05,0.1039
2025-06-03 02:00:00,10.91,10.47,10.9,0.1871
2025-06-03 03:00:00,26.71,33.01,9.54,0.1602
2025-06-03 04:00:00,44.69,60.42,10.56,0.1621
2025-06-03 05:00:00,38.19,32.19,8.73,0.2113
2025-06-03 06:00:00,45.91,72.91,11.56,0.2401
2025-06-03 07:00:00,64.74,70.82,10.23,0.3174
2025-06-03 08:00:00,73.55,50.54,11.58,0.3143
2025-06-03 09:00:00,70.5,78.31,9.4,0.331
2025-06-03 10:00:00,81.46,72.1,10.16,0.3246
2025-06-03 11:00:00,70.36,79.52,8.82,0.325
2025-06-03 12:00:00,91.02,89.85,10.51,0.266
2025-06-03 13:00:00,96.17,98.31,7.71,0.2648
2025-06-03 14:00:00,80.15,58.23,3.24,0.2203
2025-06-03 15:00:00,54.54,70.74,3.27,0.2196
2025-06-03 16:00:00,60.53,39.54,4.62,0.2205
2025-06-03 17:00:00,62.67,41.82,2.74,0.1782
2025-06-03 18:00:00,46.63,51.77,1.0,0.1893
2025-06-03 19:00:00,52.41,77.62,6.16,0.095
2025-06-03 20:00:00,39.71,35.51,5.62,0.1284
2025-06-03 21:00:00,23.13,28.0,5.95,0.066
2025-06-03 22:00:00,24.28,32.09,5.09,0.1028
2025-06-03 23:00:00,13.87,17.26,7.61,0.1256
2025-06-04 00:00:00,18.54,16.81,6.94,0.107
2025-06-04 01:00:00,16.59,11.16,9.34,0.1458
2025-06-04 02:00:00,33.42,11.29,8.62,0.1212
2025-06-04 03:00:00,45.71,42.11,13.1,0.1242
2025-06-04 04:00:00,23.55,31.87,9.11,0.2167
2025-06-04 05:00:00,26.85,17.79,13.71,0.2782
2025-06-04 06:00:00,48.04,58.13,12.06,0.2201
2025-06-04 07:00:00,45.62,32.61,11.13,0.3074
2025-06-04 08:00:00,65.37,67.45,11.71,0.2879
2025-06-04 09:00:00,77.2,93.6,11.93,0.2565
2025-06-04 10:00:00,87.93,70.54,12.05,0.2661
2025-06-04 11:00:00,80.59,84.71,9.5,0.2971
2025-06-04 12:00:00,78.45,68.68,6.66,0.2745
2025-06-04 13:00:00,63.15,76.51,7.05,0.2313
2025-06-04 14:00:00,76.19,81.57,8.73,0.1992
2025-06-04 15:00:00,71.78,73.0,7.19,0.2005
2025-06-04 16:00:00,70.11,102.89,5.9,0.2058
2025-06-04 17:00:00,52.1,62.45,5.33,0.1739
2025-06-04 18:00:00,46.52,36.89,5.05,0.135
2025-06-04 19:00:00,30.41,29.63,5.87,0.1353
2025-06-04 20:00:00,16.67,16.29,3.85,0.1446
2025-06-04 21:00:00,19.92,20.4,3.14,0.1152
2025-06-04 22:00:00,11.46,20.13,6.1,0.0964
2025-06-04 23:00:00,23.72,26.35,5.74,0.1312
2025-06-05 00:00:00,15.85,6.17,6.42,0.0846
2025-06-05 01:00:00,16.72,13.99,7.95,0.1225
2025-06-05 02:00:00,16.14,6.79,13.73,0.144
2025-06-05 03:00:00,10.0,9.01,11.03,0.137
2025-06-05 04:00:00,47.07,19.01,12.01,0.1874
2025-06-05 05:00:00,34.23,25.28,10.03,0.1636
2025-06-05 06:00:00,46.7,25.4,9.23,0.3074
2025-06-05 07:00:00,46.13,51.44,10.64,0.2426
2025-06-05 08:00:00,72.78,72.79,13.62,0.3342
2025-06-05 09:00:00,72.36,78.94,11.33,0.2977
2025-06-05 10:00:00,69.37,67.19,10.9,0.3169
2025-06-05 11:00:00,75.84,44.12,10.14,0.2819
2025-06-05 12:00:00,93.43,107.82,7.11,0.2928
2025-06-05 13:00:00,78.39,123.6,9.05,0.2902
2025-06-05 14:00:00,74.53,83.68,5.05,0.2699
2025-06-05 15:00:00,63.68,55.55,7.28,0.2491
2025-06-05 16:00:00,49.84,28.49,5.2,0.189
2025-06-05 17:00:00,134.1,97.57,1.45,0.1597
2025-06-05 18:00:00,52.6,59.75,2.88,0.1022
2025-06-05 19:00:00,51.03,67.46,1.46,0.145
2025-06-05 20:00:00,17.01,18.34,6.28,0.1459
2025-06-05 21:00:00,19.79,24.53,5.13,0.1519
2025-06-05 22:00:00,19.37,23.49,2.66,0.1092
2025-06-05 23:00:00,20.99,24.18,7.53,0.0804
2025-06-06 00:00:00,15.84,12.71,7.19,0.0625
2025-06-06 01:00:00,16.9,17.78,6.81,0.1605
2025-06-06 02:00:00,23.68,17.65,12.52,0.0961
2025-06-06 03:00:00,17.24,17.33,10.99,0.1639
2025-06-06 04:00:00,37.22,40.92,11.02,0.1933
2025-06-06 05:00:00,39.37,59.19,11.26,0.2238
2025-06-06 06:00:00,39.94,24.25,9.73,0.2511
2025-06-06 07:00:00,61.91,70.85,9.91,0.2749
2025-06-06 08:00:00,67.7,97.79,13.39,0.2141
2025-06-06 09:00:00,67.99,83.47,10.12,0.297
2025-06-06 10:00:00,40.44,50.54,10.03,0.2331
2025-06-06 11:00:00,79.76,93.83,5.97,0.3186
2025-06-06 12:00:00,74.36,103.32,6.02,0.2699
2025-06-06 13:00:00,83.18,56.04,7.88,0.206
2025-06-06 14:00:00,74.48,43.51,6.57,0.2256
2025-06-06 15:00:00,73.16,73.02,7.8,0.2088
2025-06-06 16:00:00,62.28,21.9,6.55,0.2357
2025-06-06 17:00:00,59.89,82.0,3.79,0.18
2025-06-06 18:00:00,58.45,79.86,4.71,0.1603
2025-06-06 19:00:00,37.63,32.74,3.66,0.1647
2025-06-06 20:00:00,17.17,15.26,7.62,0.1105
2025-06-06 21:00:00,22.01,21.53,6.9,0.126
2025-06-06 22:00:00,23.54,23.9,6.25,0.1205
2025-06-06 23:00:00,18.47,19.17,7.27,0.0648
2025-06-07 00:00:00,10.0,11.67,10.17,0.1576
2025-06-07 01:00:00,10.0,9.48,9.9,0.0867
2025-06-07 02:00:00,14.49,18.59,12.34,0.1775
2025-06-07 03:00:00,30.93,35.07,7.54,0.1286
2025-06-07 04:00:00,42.39,34.67,12.16,0.218
2025-06-07 05:00:00,43.23,60.55,11.09,0.2817
2025-06-07 06:00:00,50.96,30.19,14.63,0.2436
2025-06-07 07:00:00,48.45,47.11,14.18,0.263
2025-06-07 08:00:00,41.31,53.3,11.51,0.3049
2025-06-07 09:00:00,56.89,44.55,13.13,0.2867
2025-06-07 10:00:00,62.51,68.32,12.67,0.3545
2025-06-07 11:00:00,63.15,73.45,9.15,0.3024
2025-06-07 12:00:00,68.44,50.77,11.71,0.277
2025-06-07 13:00:00,70.66,69.13,6.92,0.2545
2025-06-07 14:00:00,71.41,68.06,5.68,0.222
2025-06-07 15:00:00,58.31,48.66,6.47,0.207
2025-06-07 16:00:00,40.02,67.65,4.01,0.1895
2025-06-07 17:00:00,45.24,34.88,4.26,0.1595
2025-06-07 18:00:00,42.85,55.77,6.11,0.1303
2025-06-07 19:00:00,45.68,40.3,4.17,0.1923
2025-06-07 20:00:00,25.21,16.99,1.99,0.0825
2025-06-07 21:00:00,28.57,29.45,5.72,0.1078
2025-06-07 22:00:00,22.74,27.16,4.96,0.1178
2025-06-07 23:00:00,18.22,23.25,8.26,0.1223
2025-06-08 00:00:00,27.44,40.31,9.04,0.1116
2025-06-08 01:00:00,15.74,29.64,11.24,0.1221
2025-06-08 02:00:00,19.42,20.88,11.36,0.1635
2025-06-08 03:00:00,28.69,22.98,12.46,0.1821
2025-06-08 04:00:00,29.88,33.94,10.46,0.1922
2025-06-08 05:00:00,46.3,42.6,13.07,0.179
2025-06-08 06:00:00,44.29,56.6,14.95,0.236
2025-06-08 07:00:00,59.58,36.39,10.83,0.2363
2025-06-08 08:00:00,64.2,109.81,14.16,0.2666
2025-06-08 09:00:00,72.93,91.66,10.0,0.2976
2025-06-08 10:00:00,72.3,35.78,8.72,0.3108
2025-06-08 11:00:00,76.27,60.04,9.48,0.35
2025-06-08 12:00:00,80.77,100.54,9.07,0.2705
2025-06-08 13:00:00,256.65,347.22,8.33,0.2939
2025-06-08 14:00:00,144.18,89.15,4.56,0.2592
2025-06-08 15:00:00,84.86,103.01,5.82,0.2648
2025-06-08 16:00:00,57.07,23.73,3.51,0.2173
2025-06-08 17:00:00,57.25,55.72,1.9,0.1439
2025-06-08 18:00:00,37.41,49.89,2.61,0.0983
2025-06-08 19:00:00,45.21,37.73,3.01,0.1386
2025-06-08 20:00:00,26.08,14.29,5.32,0.0975
2025-06-08 21:00:00,26.56,27.73,6.9,0.074
2025-06-08 22:00:00,21.04,17.23,3.79,0.062
2025-06-08 23:00:00,105.52,125.45,7.49,0.1082
2025-06-09 00:00:00,15.58,11.44,6.23,0.1586
2025-06-09 01:00:00,16.26,12.49,9.98,0.117
2025-06-09 02:00:00,35.51,13.98,9.07,0.1677
2025-06-09 03:00:00,31.06,32.65,9.25,0.1711
2025-06-09 04:00:00,30.51,29.04,12.66,0.1613
2025-06-09 05:00:00,40.23,25.89,10.98,0.2479
2025-06-09 06:00:00,63.16,66.84,11.53,0.2172
2025-06-09 07:00:00,55.88,73.1,8.53,0.2714
2025-06-09 08:00:00,59.49,55.64,12.88,0.2764
2025-06-09 09:00:00,65.73,71.02,12.06,0.3234
2025-06-09 10:00:00,71.59,77.46,10.01,0.2683
2025-06-09 11:00:00,74.22,47.41,6.74,0.3083
2025-06-09 12:00:00,69.76,112.8,9.81,0.2614
2025-06-09 13:00:00,69.98,60.1,5.97,0.2554
2025-06-09 14:00:00,69.35,83.0,5.32,0.1409
2025-06-09 15:00:00,131.52,161.87,8.64,0.2886
2025-06-09 16:00:00,61.95,59.36,3.48,0.2165
2025-06-09 17:00:00,56.11,66.32,5.25,0.1511
2025-06-09 18:00:00,60.16,64.6,4.84,0.1163
2025-06-09 19:00:00,123.72,71.1,4.72,0.1144
2025-06-09 20:00:00,32.74,29.48,4.96,0.1349
2025-06-09 21:00:00,23.74,19.38,5.74,0.05
2025-06-09 22:00:00,17.1,14.73,6.41,0.0958
2025-06-09 23:00:00,26.56,16.17,6.89,0.1565
2025-06-10 00:00:00,18.36,24.57,10.27,0.0794
2025-06-10 01:00:00,17.93,26.55,7.07,0.1317
2025-06-10 02:00:00,17.51,22.65,11.53,0.2161
2025-06-10 03:00:00,22.63,31.25,12.06,0.1931
2025-06-10 04:00:00,37.56,33.68,12.51,0.2038
2025-06-10 05:00:00,31.71,25.66,13.54,0.2411
2025-06-10 06:00:00,57.96,44.42,11.86,0.238
2025-06-10 07:00:00,53.49,63.83,9.06,0.3097
2025-06-10 08:00:00,63.8,68.15,11.36,0.2746
2025-06-10 09:00:00,60.52,59.12,9.34,0.2378
2025-06-10 10:00:00,75.88,105.37,8.9,0.2883
2025-06-10 11:00:00,76.35,85.63,7.17,0.2676
2025-06-10 12:00:00,79.6,59.57,7.28,0.2782
2025-06-10 13:00:00,90.75,72.21,6.07,0.2629
2025-06-10 14:00:00,77.4,93.24,2.43,0.2859
2025-06-10 15:00:00,64.86,85.12,6.22,0.2467
2025-06-10 16:00:00,59.31,69.13,7.87,0.2079
2025-06-10 17:00:00,62.53,98.11,5.05,0.174
2025-06-10 18:00:00,60.39,90.01,3.7,0.1182
2025-06-10 19:00:00,44.49,50.38,4.05,0.0639
2025-06-10 20:00:00,40.51,30.32,3.9,0.1168
2025-06-10 21:00:00,33.66,20.43,5.31,0.1272
2025-06-10 22:00:00,35.37,31.26,5.94,0.0967
2025-06-10 23:00:00,10.0,12.26,5.7,0.0874
2025-06-11 00:00:00,212.93,329.62,10.52,0.1273
2025-06-11 01:00:00,28.89,32.51,6.8,0.1268
2025-06-11 02:00:00,13.31,17.98,11.08,0.2006
2025-06-11 03:00:00,21.7,20.1,10.68,0.2111
2025-06-11 04:00:00,28.19,33.46,14.32,0.2288
2025-06-11 05:00:00,36.41,45.4,12.38,0.2486
2025-06-11 06:00:00,46.15,18.74,11.46,0.2113
2025-06-11 07:00:00,59.71,52.3,11.49,0.2906
2025-06-11 08:00:00,71.93,92.42,11.52,0.2979
2025-06-11 09:00:00,79.86,86.44,9.11,0.3148
2025-06-11 10:00:00,69.28,44.41,8.85,0.3148
2025-06-11 11:00:00,72.22,19.57,6.36,0.3102
2025-06-11 12:00:00,90.53,80.59,6.62,0.3676
2025-06-11 13:00:00,84.15,82.34,7.11,0.2684
2025-06-11 14:00:00,76.64,56.32,6.45,0.2781
2025-06-11 15:00:00,75.0,78.22,2.2,0.2118
2025-06-11 16:00:00,64.76,74.6,4.33,0.2237
2025-06-11 17:00:00,61.96,74.43,4.98,0.2023
2025-06-11 18:00:00,47.31,13.87,3.76,0.1609
2025-06-11 19:00:00,44.39,26.89,3.19,0.1794
2025-06-11 20:00:00,22.92,20.82,3.92,0.0869
2025-06-11 21:00:00,23.28,27.28,4.36,0.0888
2025-06-11 22:00:00,18.6,21.33,5.04,0.1064
2025-06-11 23:00:00,18.03,20.58,7.23,0.1298
2025-06-12 00:00:00,12.59,11.14,11.46,0.1188
2025-06-12 01:00:00,16.75,15.11,7.92,0.1679
2025-06-12 02:00:00,11.9,9.3,9.52,0.1301
2025-06-12 03:00:00,33.18,40.82,10.75,0.1399
2025-06-12 04:00:00,34.34,24.86,10.43,0.2092
2025-06-12 05:00:00,28.59,35.89,13.51,0.2236
2025-06-12 06:00:00,43.32,46.02,8.44,0.2663
2025-06-12 07:00:00,60.46,59.64,11.07,0.2699
2025-06-12 08:00:00,60.66,48.71,12.69,0.2764
2025-06-12 09:00:00,65.64,38.95,10.39,0.2943
2025-06-12 10:00:00,75.38,60.74,8.77,0.3009
2025-06-12 11:00:00,81.73,73.64,9.7,0.2874
2025-06-12 12:00:00,68.51,19.82,9.36,0.2805
2025-06-12 13:00:00,83.38,78.44,7.28,0.2586
2025-06-12 14:00:00,69.58,88.87,4.8,0.2757
2025-06-12 15:00:00,71.07,83.16,5.86,0.2317
2025-06-12 16:00:00,64.72,55.08,3.93,0.2677
2025-06-12 17:00:00,172.46,174.89,5.25,0.1789
2025-06-12 18:00:00,41.81,34.83,6.22,0.1335
2025-06-12 19:00:00,39.95,41.73,1.0,0.2094
2025-06-12 20:00:00,48.0,70.18,4.7,0.1258
2025-06-12 21:00:00,17.89,23.09,2.57,0.1331
2025-06-12 22:00:00,37.56,43.43,9.66,0.1178
2025-06-12 23:00:00,18.94,16.14,6.26,0.1221
2025-06-13 00:00:00,17.28,21.17,9.12,0.1295
2025-06-13 01:00:00,10.0,4.94,8.98,0.0962
2025-06-13 02:00:00,14.25,13.17,8.8,0.161
2025-06-13 03:00:00,20.45,24.03,9.45,0.1344
2025-06-13 04:00:00,21.38,26.13,13.84,0.1948
2025-06-13 05:00:00,34.23,41.11,13.3,0.2041
2025-06-13 06:00:00,39.24,42.71,14.92,0.2607
2025-06-13 07:00:00,63.91,60.15,11.95,0.2807
2025-06-13 08:00:00,45.92,53.33,11.9,0.301
2025-06-13 09:00:00,61.35,43.81,10.43,0.3052
2025-06-13 10:00:00,66.57,49.7,9.57,0.2818
2025-06-13 11:00:00,58.57,59.65,7.47,0.2888
2025-06-13 12:00:00,73.49,77.31,8.13,0.3142
2025-06-13 13:00:00,125.59,56.81,5.78,0.3027
2025-06-13 14:00:00,44.64,50.74,6.66,0.2156
2025-06-13 15:00:00,65.81,81.07,5.43,0.18
2025-06-13 16:00:00,46.31,45.24,4.97,0.1782
2025-06-13 17:00:00,40.72,69.72,6.65,0.2055
2025-06-13 18:00:00,48.0,38.17,3.94,0.1864
2025-06-13 19:00:00,33.12,29.53,5.27,0.1015
2025-06-13 20:00:00,37.09,32.7,7.61,0.1226
2025-06-13 21:00:00,34.15,33.37,7.13,0.1584
2025-06-13 22:00:00,15.26,13.75,7.73,0.1125
2025-06-13 23:00:00,24.21,14.0,6.5,0.1461
2025-06-14 00:00:00,10.96,9.16,8.34,0.1434
2025-06-14 01:00:00,35.73,34.69,7.06,0.102
2025-06-14 02:00:00,14.87,20.35,10.75,0.1443
2025-06-14 03:00:00,32.68,54.27,11.24,0.1752
2025-06-14 04:00:00,36.5,51.12,11.5,0.2031
2025-06-14 05:00:00,38.43,29.49,13.4,0.2534
2025-06-14 06:00:00,37.14,29.38,10.19,0.2623
2025-06-14 07:00:00,47.89,45.6,14.32,0.1826
2025-06-14 08:00:00,38.02,58.38,12.82,0.2472
2025-06-14 09:00:00,62.33,59.23,10.72,0.231
2025-06-14 10:00:00,67.38,40.55,9.78,0.3053
2025-06-14 11:00:00,68.2,57.95,9.76,0.3038
2025-06-14 12:00:00,238.17,292.27,10.28,0.2951
2025-06-14 13:00:00,57.01,68.81,7.12,0.2419
2025-06-14 14:00:00,58.6,55.08,6.22,0.2702
2025-06-14 15:00:00,62.86,75.75,5.2,0.2474
2025-06-14 16:00:00,57.56,18.31,7.21,0.1623
2025-06-14 17:00:00,47.74,49.23,3.58,0.1301
2025-06-14 18:00:00,47.58,59.87,3.96,0.15
2025-06-14 19:00:00,27.69,20.77,6.33,0.183
2025-06-14 20:00:00,34.63,25.94,4.76,0.1644
2025-06-14 21:00:00,28.27,12.44,6.88,0.1203
2025-06-14 22:00:00,23.44,34.62,4.63,0.0781
2025-06-14 23:00:00,16.41,12.87,6.66,0.13
2025-06-15 00:00:00,34.65,37.15,10.23,0.0998
2025-06-15 01:00:00,24.97,29.49,8.02,0.1063
2025-06-15 02:00:00,16.27,23.65,9.77,0.0857
2025-06-15 03:00:00,30.77,29.35,11.21,0.1772
2025-06-15 04:00:00,41.02,34.38,9.98,0.1811
2025-06-15 05:00:00,37.53,39.48,11.24,0.2288
2025-06-15 06:00:00,58.71,81.33,12.17,0.181
2025-06-15 07:00:00,60.82,57.72,11.93,0.2758
2025-06-15 08:00:00,46.26,33.01,13.38,0.2137
2025-06-15 09:00:00,73.61,39.59,13.14,0.3292
2025-06-15 10:00:00,72.73,46.08,8.72,0.3157
2025-06-15 11:00:00,83.28,104.87,9.2,0.2882
2025-06-15 12:00:00,87.55,79.13,9.01,0.3035
2025-06-15 13:00:00,80.54,65.86,9.24,0.2414
2025-06-15 14:00:00,89.3,70.12,7.08,0.2522
2025-06-15 15:00:00,69.78,71.56,5.61,0.2497
2025-06-15 16:00:00,70.0,64.97,5.54,0.1072
2025-06-15 17:00:00,246.05,225.89,5.15,0.1607
2025-06-15 18:00:00,49.22,69.15,2.61,0.1493
2025-06-15 19:00:00,48.47,70.83,4.43,0.1234
2025-06-15 20:00:00,30.24,15.64,6.72,0.1571
2025-06-15 21:00:00,25.41,27.9,4.86,0.0697
2025-06-15 22:00:00,13.52,10.37,6.19,0.0814
2025-06-15 23:00:00,22.95,21.24,6.6,0.05
2025-06-16 00:00:00,22.6,24.7,4.53,0.1587
2025-06-16 01:00:00,30.46,28.51,9.07,0.1219
2025-06-16 02:00:00,30.35,32.45,10.45,0.1368
2025-06-16 03:00:00,26.51,31.86,10.06,0.1725
2025-06-16 04:00:00,25.57,27.83,9.73,0.2191
2025-06-16 05:00:00,45.7,36.83,10.54,0.2363
2025-06-16 06:00:00,58.89,47.77,13.15,0.3294
2025-06-16 07:00:00,63.81,36.25,14.82,0.2843
2025-06-16 08:00:00,73.68,54.8,13.54,0.2726
2025-06-16 09:00:00,69.52,110.44,8.81,0.2798
2025-06-16 10:00:00,72.25,55.08,11.28,0.2882
2025-06-16 11:00:00,73.08,46.92,8.04,0.2515
2025-06-16 12:00:00,79.55,87.19,7.13,0.2878
2025-06-16 13:00:00,78.35,75.75,6.27,0.2942
2025-06-16 14:00:00,77.63,73.08,7.06,0.2316
2025-06-16 15:00:00,70.18,99.84,6.61,0.2017
2025-06-16 16:00:00,63.93,74.46,4.39,0.2455
2025-06-16 17:00:00,51.55,43.35,4.01,0.1313
2025-06-16 18:00:00,57.53,50.21,4.7,0.088
2025-06-16 19:00:00,42.85,36.39,4.99,0.0947
2025-06-16 20:00:00,33.6,42.42,6.3,0.0672
2025-06-16 21:00:00,22.81,20.7,3.25,0.115
2025-06-16 22:00:00,13.36,6.17,6.03,0.0892
2025-06-16 23:00:00,31.49,31.03,5.36,0.0968
2025-06-17 00:00:00,24.44,13.17,7.92,0.148
2025-06-17 01:00:00,10.0,16.55,8.7,0.1085
2025-06-17 02:00:00,30.12,21.4,9.93,0.1733
2025-06-17 03:00:00,36.17,34.41,9.63,0.2195
2025-06-17 04:00:00,36.0,38.78,9.23,0.1863
2025-06-17 05:00:00,55.02,50.26,8.72,0.248
2025-06-17 06:00:00,51.73,47.23,11.8,0.2427
2025-06-17 07:00:00,46.43,52.31,11.22,0.2984
2025-06-17 08:00:00,67.92,99.02,10.45,0.2395
2025-06-17 09:00:00,73.17,90.02,12.81,0.2472
2025-06-17 10:00:00,71.15,102.72,8.71,0.2883
2025-06-17 11:00:00,83.57,57.33,11.16,0.2699
2025-06-17 12:00:00,66.66,73.01,10.44,0.2711
2025-06-17 13:00:00,86.9,90.95,4.04,0.2641
2025-06-17 14:00:00,68.96,76.22,6.14,0.2716
2025-06-17 15:00:00,63.33,89.48,4.57,0.2137
2025-06-17 16:00:00,64.09,59.84,1.0,0.1753
2025-06-17 17:00:00,61.23,53.78,1.97,0.1636
2025-06-17 18:00:00,51.31,59.53,5.16,0.1269
2025-06-17 19:00:00,36.29,16.93,7.17,0.1013
2025-06-17 20:00:00,30.95,28.75,5.89,0.065
2025-06-17 21:00:00,19.72,18.93,5.66,0.1055
2025-06-17 22:00:00,22.22,16.09,5.97,0.0829
2025-06-17 23:00:00,29.62,39.02,9.49,0.1324
2025-06-18 00:00:00,19.97,13.6,11.22,0.07
2025-06-18 01:00:00,27.9,26.76,8.16,0.113
2025-06-18 02:00:00,35.66,38.8,7.0,0.2044
2025-06-18 03:00:00,24.08,33.86,7.68,0.1459
2025-06-18 04:00:00,33.51,33.4,13.45,0.1929
2025-06-18 05:00:00,59.6,76.34,11.79,0.1894
2025-06-18 06:00:00,61.55,74.49,12.27,0.2095
2025-06-18 07:00:00,44.39,46.03,9.18,0.3171
2025-06-18 08:00:00,68.1,45.84,10.33,0.2917
2025-06-18 09:00:00,71.22,40.57,10.39,0.3006
2025-06-18 10:00:00,82.59,85.23,10.31,0.2491
2025-06-18 11:00:00,73.02,61.13,8.44,0.3074
2025-06-18 12:00:00,73.28,93.49,6.44,0.3213
2025-06-18 13:00:00,73.57,90.03,5.79,0.3052
2025-06-18 14:00:00,71.41,67.45,7.81,0.27
2025-06-18 15:00:00,77.74,50.74,5.54,0.192
2025-06-18 16:00:00,55.55,64.06,5.45,0.2094
2025-06-18 17:00:00,52.78,36.66,2.79,0.1941
2025-06-18 18:00:00,35.69,27.57,1.0,0.0962
2025-06-18 19:00:00,50.29,35.52,3.35,0.0957
2025-06-18 20:00:00,45.17,43.29,3.24,0.14
2025-06-18 21:00:00,26.17,35.36,5.7,0.1297
2025-06-18 22:00:00,21.64,21.6,10.93,0.0535
2025-06-18 23:00:00,24.65,21.37,8.01,0.1273
2025-06-19 00:00:00,31.8,17.24,12.1,0.1163
2025-06-19 01:00:00,24.29,28.31,9.89,0.1527
2025-06-19 02:00:00,18.44,14.12,9.06,0.131
2025-06-19 03:00:00,15.84,16.39,11.35,0.1935
2025-06-19 04:00:00,26.08,23.31,14.14,0.2253
2025-06-19 05:00:00,42.82,53.59,14.61,0.2153
2025-06-19 06:00:00,44.76,42.65,11.14,0.2505
2025-06-19 07:00:00,59.32,58.28,12.24,0.2513
2025-06-19 08:00:00,60.58,69.4,9.32,0.3362
2025-06-19 09:00:00,225.95,368.77,12.07,0.293
2025-06-19 10:00:00,66.56,84.31,12.33,0.2723
2025-06-19 11:00:00,91.48,89.04,9.09,0.2751
2025-06-19 12:00:00,87.11,87.2,7.0,0.2904
2025-06-19 13:00:00,92.82,78.21,7.5,0.2933
2025-06-19 14:00:00,80.3,57.41,6.63,0.2099
2025-06-19 15:00:00,67.77,56.53,5.29,0.2813
2025-06-19 16:00:00,75.59,58.08,4.8,0.2093
2025-06-19 17:00:00,57.5,68.77,3.88,0.1881
2025-06-19 18:00:00,51.77,35.13,5.49,0.1471
2025-06-19 19:00:00,41.89,58.65,5.24,0.1299
2025-06-19 20:00:00,11.42,14.0,3.06,0.1089
2025-06-19 21:00:00,41.62,41.88,3.66,0.1339
2025-06-19 22:00:00,27.95,27.95,5.62,0.0998
2025-06-19 23:00:00,23.66,19.71,8.07,0.1264
2025-06-20 00:00:00,16.51,17.84,8.22,0.1004
2025-06-20 01:00:00,19.18,25.44,8.07,0.1352
2025-06-20 02:00:00,15.64,12.34,10.39,0.1259
2025-06-20 03:00:00,29.4,15.88,10.33,0.2106
2025-06-20 04:00:00,19.29,23.36,12.78,0.175
2025-06-20 05:00:00,37.39,41.03,12.36,0.2161
2025-06-20 06:00:00,46.99,31.2,11.53,0.2406
2025-06-20 07:00:00,47.51,37.06,12.21,0.2601
2025-06-20 08:00:00,58.22,43.21,13.44,0.3083
2025-06-20 09:00:00,52.6,41.17,9.97,0.2871
2025-06-20 10:00:00,246.88,222.9,10.6,0.3418
2025-06-20 11:00:00,69.02,63.51,8.93,0.272
2025-06-20 12:00:00,73.43,59.09,8.64,0.2917
2025-06-20 13:00:00,52.13,40.27,5.98,0.2474
2025-06-20 14:00:00,68.76,64.04,6.17,0.2626
2025-06-20 15:00:00,56.19,59.01,6.83,0.2254
2025-06-20 16:00:00,53.71,48.61,3.13,0.1953
2025-06-20 17:00:00,38.38,51.73,2.14,0.2098
2025-06-20 18:00:00,35.69,41.13,2.06,0.1304
2025-06-20 19:00:00,43.63,22.81,2.38,0.1469
2025-06-20 20:00:00,30.01,34.73,5.43,0.0903
2025-06-20 21:00:00,21.41,25.3,3.06,0.1068
2025-06-20 22:00:00,19.48,16.94,5.55,0.0641
2025-06-20 23:00:00,21.78,12.01,7.89,0.0835
2025-06-21 00:00:00,103.54,103.79,8.62,0.1109
2025-06-21 01:00:00,17.27,17.23,8.46,0.1837
2025-06-21 02:00:00,29.16,19.35,10.29,0.153
2025-06-21 03:00:00,32.23,18.2,10.99,0.2238
2025-06-21 04:00:00,33.06,32.19,11.13,0.2066
2025-06-21 05:00:00,36.34,33.8,11.55,0.2143
2025-06-21 06:00:00,47.76,41.78,15.35,0.2962
2025-06-21 07:00:00,227.07,221.39,13.08,0.2838
2025-06-21 08:00:00,63.74,42.65,15.19,0.2673
2025-06-21 09:00:00,67.73,58.89,10.08,0.3107
2025-06-21 10:00:00,56.44,65.47,9.87,0.2912
2025-06-21 11:00:00,58.44,52.31,7.04,0.2369
2025-06-21 12:00:00,62.39,31.1,6.79,0.3147
2025-06-21 13:00:00,74.94,64.31,9.82,0.3036
2025-06-21 14:00:00,51.97,35.29,5.22,0.3051
2025-06-21 15:00:00,63.69,68.79,8.05,0.2385
2025-06-21 16:00:00,58.15,63.71,2.67,0.1925
2025-06-21 17:00:00,58.4,29.34,2.56,0.1992
2025-06-21 18:00:00,43.94,53.95,3.49,0.1755
2025-06-21 19:00:00,25.15,16.76,4.04,0.1784
2025-06-21 20:00:00,22.08,32.4,5.92,0.1121
2025-06-21 21:00:00,15.01,14.79,5.85,0.0984
2025-06-21 22:00:00,16.11,10.09,5.38,0.0785
2025-06-21 23:00:00,16.41,10.79,6.76,0.1195
2025-06-22 00:00:00,10.68,11.79,7.52,0.0669
2025-06-22 01:00:00,32.79,28.94,7.66,0.1526
2025-06-22 02:00:00,13.42,13.03,8.67,0.1676
2025-06-22 03:00:00,39.56,58.69,12.37,0.1917
2025-06-22 04:00:00,44.48,35.15,8.72,0.2041
2025-06-22 05:00:00,49.42,50.31,14.29,0.2719
2025-06-22 06:00:00,44.45,63.38,11.49,0.2762
2025-06-22 07:00:00,60.5,65.41,10.7,0.2525
2025-06-22 08:00:00,54.78,28.38,12.57,0.2689
2025-06-22 09:00:00,78.5,90.4,13.06,0.2702
2025-06-22 10:00:00,75.39,49.09,11.68,0.3165
2025-06-22 11:00:00,75.7,107.65,9.79,0.2666
2025-06-22 12:00:00,70.21,52.88,9.63,0.3191
2025-06-22 13:00:00,59.16,111.86,4.39,0.3104
2025-06-22 14:00:00,67.67,97.46,5.22,0.2236
2025-06-22 15:00:00,80.12,60.97,3.8,0.2203
2025-06-22 16:00:00,61.78,62.15,6.37,0.2005
2025-06-22 17:00:00,56.41,69.16,3.56,0.2006
2025-06-22 18:00:00,55.24,68.23,5.27,0.1983
2025-06-22 19:00:00,56.68,64.2,4.94,0.0787
2025-06-22 20:00:00,45.6,62.73,3.24,0.1039
2025-06-22 21:00:00,21.01,20.23,4.29,0.0954
2025-06-22 22:00:00,10.0,8.9,7.94,0.058
2025-06-22 23:00:00,39.9,35.75,5.8,0.0889
2025-06-23 00:00:00,38.15,47.98,8.19,0.1262
2025-06-23 01:00:00,22.53,25.0,7.86,0.1209
2025-06-23 02:00:00,13.86,15.07,9.53,0.1037
2025-06-23 03:00:00,36.49,45.2,10.76,0.2603
2025-06-23 04:00:00,34.14,13.13,10.29,0.208
2025-06-23 05:00:00,41.33,45.18,10.42,0.2292
2025-06-23 06:00:00,57.16,60.9,12.43,0.2171
2025-06-23 07:00:00,60.44,90.7,10.6,0.2785
2025-06-23 08:00:00,209.01,113.16,10.25,0.2817
2025-06-23 09:00:00,68.62,100.67,9.42,0.2399
2025-06-23 10:00:00,81.27,83.11,9.88,0.2679
2025-06-23 11:00:00,83.06,95.24,10.45,0.3204
2025-06-23 12:00:00,82.1,123.37,10.26,0.3449
2025-06-23 13:00:00,86.45,100.99,5.88,0.2817
2025-06-23 14:00:00,73.09,81.87,9.23,0.2831
2025-06-23 15:00:00,72.64,77.92,3.66,0.2212
2025-06-23 16:00:00,38.0,32.48,6.16,0.1974
2025-06-23 17:00:00,54.17,53.7,3.05,0.2068
2025-06-23 18:00:00,56.11,44.07,2.69,0.1999
2025-06-23 19:00:00,39.11,38.59,3.02,0.1683
2025-06-23 20:00:00,31.27,9.36,4.46,0.0814
2025-06-23 21:00:00,20.46,23.09,6.04,0.1014
2025-06-23 22:00:00,32.05,30.88,7.0,0.1083
2025-06-23 23:00:00,25.41,22.85,5.55,0.0956
2025-06-24 00:00:00,26.6,28.36,6.52,0.125
2025-06-24 01:00:00,10.0,5.7,7.66,0.1539
2025-06-24 02:00:00,22.74,35.89,9.83,0.1801
2025-06-24 03:00:00,26.55,25.73,10.51,0.2247
2025-06-24 04:00:00,32.76,31.32,10.04,0.1901
2025-06-24 05:00:00,37.31,26.5,12.27,0.185
2025-06-24 06:00:00,47.23,47.57,15.39,0.2607
2025-06-24 07:00:00,245.03,346.98,11.11,0.3272
2025-06-24 08:00:00,49.7,65.14,10.81,0.2723
2025-06-24 09:00:00,254.97,320.32,11.67,0.3172
2025-06-24 10:00:00,181.83,211.63,9.16,0.3209
2025-06-24 11:00:00,78.64,70.18,10.04,0.3023
2025-06-24 12:00:00,87.25,49.29,6.92,0.2868
2025-06-24 13:00:00,67.36,63.3,9.71,0.243
2025-06-24 14:00:00,70.66,65.66,6.52,0.1816
2025-06-24 15:00:00,70.24,92.35,4.24,0.1925
2025-06-24 16:00:00,75.92,82.97,3.65,0.1883
2025-06-24 17:00:00,57.39,85.15,3.37,0.207
2025-06-24 18:00:00,53.6,72.86,6.06,0.1469
2025-06-24 19:00:00,37.52,32.38,2.23,0.1137
2025-06-24 20:00:00,38.89,17.95,3.53,0.0867
2025-06-24 21:00:00,42.2,59.75,4.33,0.1231
2025-06-24 22:00:00,31.98,45.03,5.98,0.1408
2025-06-24 23:00:00,20.37,12.02,6.56,0.1353
2025-06-25 00:00:00,25.4,36.91,5.76,0.1316
2025-06-25 01:00:00,25.64,28.58,8.44,0.085
2025-06-25 02:00:00,28.07,29.43,9.85,0.1394
2025-06-25 03:00:00,37.68,55.94,9.89,0.2325
2025-06-25 04:00:00,43.84,61.52,12.49,0.2337
2025-06-25 05:00:00,41.22,49.27,13.24,0.1798
2025-06-25 06:00:00,55.14,62.96,11.88,0.2483
2025-06-25 07:00:00,54.7,64.81,12.21,0.2816
2025-06-25 08:00:00,57.62,50.7,8.22,0.2637
2025-06-25 09:00:00,69.06,67.92,10.2,0.2273
2025-06-25 10:00:00,75.37,54.97,11.51,0.303
2025-06-25 11:00:00,65.69,59.12,8.4,0.273
2025-06-25 12:00:00,86.88,77.33,6.89,0.2631
2025-06-25 13:00:00,56.84,46.01,10.38,0.2601
2025-06-25 14:00:00,97.7,101.71,8.73,0.246
2025-06-25 15:00:00,83.23,75.14,5.87,0.2256
2025-06-25 16:00:00,62.91,72.39,6.24,0.1735
2025-06-25 17:00:00,57.84,29.69,1.0,0.1675
2025-06-25 18:00:00,52.42,50.64,2.82,0.0973
2025-06-25 19:00:00,37.52,39.0,3.43,0.1386
2025-06-25 20:00:00,36.54,33.14,4.18,0.05
2025-06-25 21:00:00,27.63,26.21,4.44,0.0947
2025-06-25 22:00:00,23.27,12.2,2.17,0.1276
2025-06-25 23:00:00,22.47,24.88,7.54,0.0716
2025-06-26 00:00:00,10.0,11.94,8.82,0.1349
2025-06-26 01:00:00,21.34,24.5,11.44,0.164
2025-06-26 02:00:00,25.33,33.22,8.82,0.0508
2025-06-26 03:00:00,29.82,31.62,9.52,0.1696
2025-06-26 04:00:00,33.27,38.05,7.44,0.1137
2025-06-26 05:00:00,51.34,53.74,11.42,0.2223
2025-06-26 06:00:00,47.17,56.9,13.35,0.2498
2025-06-26 07:00:00,59.58,31.39,10.95,0.1962
2025-06-26 08:00:00,75.38,55.17,14.68,0.3443
2025-06-26 09:00:00,70.58,104.18,10.44,0.3052
2025-06-26 10:00:00,77.7,20.35,10.22,0.2745
2025-06-26 11:00:00,244.37,234.09,6.99,0.3406
2025-06-26 12:00:00,89.9,121.51,8.43,0.2327
2025-06-26 13:00:00,76.92,74.76,4.0,0.2338
2025-06-26 14:00:00,86.25,75.77,7.04,0.181
2025-06-26 15:00:00,70.38,73.12,6.26,0.2799
2025-06-26 16:00:00,58.12,51.97,6.57,0.21
2025-06-26 17:00:00,63.2,63.78,2.61,0.1939
2025-06-26 18:00:00,47.56,37.81,4.24,0.159
2025-06-26 19:00:00,47.2,62.9,4.98,0.1465
2025-06-26 20:00:00,13.16,18.79,5.2,0.1157
2025-06-26 21:00:00,28.83,27.67,3.87,0.1115
2025-06-26 22:00:00,20.34,11.88,2.41,0.1032
2025-06-26 23:00:00,12.52,10.55,7.49,0.0851
2025-06-27 00:00:00,12.57,11.88,7.77,0.112
2025-06-27 01:00:00,13.28,15.29,8.19,0.1375
2025-06-27 02:00:00,20.03,13.97,11.15,0.1533
2025-06-27 03:00:00,13.53,10.41,10.76,0.1298
2025-06-27 04:00:00,32.28,37.23,9.49,0.1597
2025-06-27 05:00:00,46.83,60.02,8.97,0.2584
2025-06-27 06:00:00,134.12,109.11,10.31,0.2408
2025-06-27 07:00:00,55.57,33.35,15.45,0.2883
2025-06-27 08:00:00,64.01,127.07,12.55,0.2538
2025-06-27 09:00:00,70.42,86.97,11.11,0.2524
2025-06-27 10:00:00,79.54,73.17,9.73,0.2747
2025-06-27 11:00:00,63.14,79.6,8.66,0.2899
2025-06-27 12:00:00,62.25,59.93,9.75,0.2666
2025-06-27 13:00:00,73.4,92.49,6.23,0.3095
2025-06-27 14:00:00,70.25,73.61,6.87,0.2554
2025-06-27 15:00:00,66.74,68.56,4.65,0.2814
2025-06-27 16:00:00,70.36,67.97,7.45,0.2121
2025-06-27 17:00:00,49.19,27.83,5.25,0.1017
2025-06-27 18:00:00,45.91,72.6,5.87,0.1817
2025-06-27 19:00:00,28.06,20.13,3.26,0.084
2025-06-27 20:00:00,46.83,27.72,6.12,0.1203
2025-06-27 21:00:00,21.78,20.39,4.7,0.0802
2025-06-27 22:00:00,117.24,83.42,6.17,0.1643
2025-06-27 23:00:00,15.09,14.86,9.42,0.1466
2025-06-28 00:00:00,11.84,14.28,6.44,0.0911
2025-06-28 01:00:00,12.03,15.63,9.34,0.1255
2025-06-28 02:00:00,16.23,20.19,10.66,0.1573
2025-06-28 03:00:00,13.54,12.3,11.61,0.2
2025-06-28 04:00:00,23.47,23.82,10.79,0.2009
2025-06-28 05:00:00,51.49,57.79,14.99,0.1951
2025-06-28 06:00:00,48.39,22.87,10.06,0.2285
2025-06-28 07:00:00,56.51,66.18,14.05,0.2706
2025-06-28 08:00:00,64.67,36.4,13.29,0.3236
2025-06-28 09:00:00,75.2,121.24,13.68,0.3094
2025-06-28 10:00:00,50.41,44.29,7.62,0.2768
2025-06-28 11:00:00,57.29,54.11,7.73,0.316
2025-06-28 12:00:00,61.57,47.35,10.24,0.275
2025-06-28 13:00:00,63.37,51.4,4.15,0.2974
2025-06-28 14:00:00,62.18,104.6,3.59,0.3258
2025-06-28 15:00:00,56.96,73.02,4.44,0.2151
2025-06-28 16:00:00,57.0,30.51,4.82,0.224
2025-06-28 17:00:00,49.38,71.67,6.52,0.1518
2025-06-28 18:00:00,102.9,139.74,3.72,0.1466
2025-06-28 19:00:00,18.5,16.94,3.22,0.1302
2025-06-28 20:00:00,21.81,23.81,5.0,0.1076
2025-06-28 21:00:00,20.07,19.98,5.88,0.1773
2025-06-28 22:00:00,18.44,29.35,6.66,0.0908
2025-06-28 23:00:00,10.0,7.61,6.7,0.121
2025-06-29 00:00:00,16.07,16.78,5.07,0.0555
2025-06-29 01:00:00,11.97,10.44,7.66,0.1422
2025-06-29 02:00:00,23.01,13.12,12.13,0.1843
2025-06-29 03:00:00,20.2,33.48,11.11,0.1583
2025-06-29 04:00:00,28.21,18.21,10.98,0.1247
2025-06-29 05:00:00,31.77,33.86,13.54,0.2247
2025-06-29 06:00:00,48.77,23.3,10.3,0.2505
2025-06-29 07:00:00,50.83,44.75,11.53,0.2924
2025-06-29 08:00:00,72.25,81.4,11.67,0.3469
2025-06-29 09:00:00,74.46,56.04,10.17,0.2852
2025-06-29 10:00:00,75.42,88.7,10.15,0.2743
2025-06-29 11:00:00,72.6,66.74,8.75,0.2616
2025-06-29 12:00:00,83.04,111.95,5.9,0.2925
2025-06-29 13:00:00,84.5,119.03,7.24,0.2851
2025-06-29 14:00:00,77.12,63.55,4.01,0.2336
2025-06-29 15:00:00,84.04,85.98,5.42,0.2492
2025-06-29 16:00:00,68.68,72.46,6.6,0.214
2025-06-29 17:00:00,65.07,77.16,3.71,0.1754
2025-06-29 18:00:00,51.07,51.29,2.24,0.1229
2025-06-29 19:00:00,47.64,50.36,3.95,0.1148
2025-06-29 20:00:00,218.89,202.9,3.29,0.05
2025-06-29 21:00:00,25.12,25.99,6.06,0.1105
2025-06-29 22:00:00,26.81,37.26,5.78,0.1008
2025-06-29 23:00:00,23.76,28.36,9.53,0.1091
2025-06-30 00:00:00,24.06,29.12,9.74,0.1285
2025-06-30 01:00:00,29.83,36.3,8.81,0.1409
2025-06-30 02:00:00,12.62,12.04,11.07,0.1467
2025-06-30 03:00:00,20.99,23.0,10.24,0.1756
2025-06-30 04:00:00,36.84,24.84,11.52,0.1579
2025-06-30 05:00:00,36.44,50.31,11.32,0.2084
2025-06-30 06:00:00,77.02,12.72,13.15,0.2515
2025-06-30 07:00:00,61.89,60.27,14.01,0.2486
2025-06-30 08:00:00,64.37,86.41,12.66,0.3124
2025-06-30 09:00:00,67.09,39.64,12.21,0.2768
2025-06-30 10:00:00,72.14,80.79,11.38,0.3065
2025-06-30 11:00:00,79.22,63.04,9.86,0.3001
2025-06-30 12:00:00,80.9,71.95,6.29,0.309
2025-06-30 13:00:00,75.32,96.7,9.52,0.2977
2025-06-30 14:00:00,73.8,78.18,8.71,0.2708
2025-06-30 15:00:00,81.97,31.94,4.82,0.1627
2025-06-30 16:00:00,76.08,53.79,3.98,0.2358
2025-06-30 17:00:00,59.78,77.27,5.05,0.2199
2025-06-30 18:00:00,39.27,44.56,4.83,0.1355
2025-06-30 19:00:00,46.54,70.95,3.83,0.1364
2025-06-30 20:00:00,47.43,71.38,2.66,0.0867
2025-06-30 21:00:00,39.75,35.66,5.63,0.05
2025-06-30 22:00:00,29.89,52.34,6.83,0.0778
2025-06-30 23:00:00,32.4,32.64,8.05,0.0872
2025-07-01 00:00:00,20.43,14.53,8.52,0.1028
2025-07-01 01:00:00,26.05,21.1,8.63,0.1005
2025-07-01 02:00:00,18.57,6.0,11.49,0.128
2025-07-01 03:00:00,31.12,46.13,10.93,0.1738
2025-07-01 04:00:00,45.64,67.47,10.77,0.1769
2025-07-01 05:00:00,37.52,26.09,11.59,0.2422
2025-07-01 06:00:00,43.11,40.16,9.38,0.2704
2025-07-01 07:00:00,58.54,60.22,11.59,0.3421
2025-07-01 08:00:00,63.19,44.98,12.5,0.3204
2025-07-01 09:00:00,76.41,36.18,11.34,0.3039
2025-07-01 10:00:00,72.35,67.79,12.28,0.2814
2025-07-01 11:00:00,92.73,83.79,8.64,0.3054
2025-07-01 12:00:00,69.68,61.56,8.73,0.2964
2025-07-01 13:00:00,89.01,94.95,8.15,0.2553
2025-07-01 14:00:00,69.86,99.82,9.51,0.2735
2025-07-01 15:00:00,56.85,51.68,5.39,0.1839
2025-07-01 16:00:00,66.9,70.32,2.97,0.1927
2025-07-01 17:00:00,55.73,67.88,5.41,0.1908
2025-07-01 18:00:00,41.12,47.96,6.8,0.1414
2025-07-01 19:00:00,28.78,23.48,3.65,0.1231
2025-07-01 20:00:00,34.93,35.94,5.8,0.1093
2025-07-01 21:00:00,36.59,42.6,7.01,0.0783
2025-07-01 22:00:00,28.7,18.98,7.53,0.1352
2025-07-01 23:00:00,21.48,29.62,7.15,0.0729
2025-07-02 00:00:00,23.83,34.07,6.95,0.1229
2025-07-02 01:00:00,20.8,16.29,8.91,0.1417
2025-07-02 02:00:00,12.58,13.31,10.69,0.1215
2025-07-02 03:00:00,17.42,20.78,12.19,0.1763
2025-07-02 04:00:00,33.37,27.91,11.97,0.1727
2025-07-02 05:00:00,40.95,46.87,11.29,0.2676
2025-07-02 06:00:00,56.81,59.59,12.83,0.2158
2025-07-02 07:00:00,63.82,35.72,13.15,0.2511
2025-07-02 08:00:00,69.84,79.46,12.03,0.2499
2025-07-02 09:00:00,68.97,46.21,9.57,0.2559
2025-07-02 10:00:00,64.94,83.23,9.73,0.3477
2025-07-02 11:00:00,82.27,65.71,10.46,0.3129
2025-07-02 12:00:00,84.2,80.13,5.93,0.2908
2025-07-02 13:00:00,59.87,84.52,3.82,0.251
2025-07-02 14:00:00,69.31,79.63,8.26,0.2772
2025-07-02 15:00:00,65.68,44.41,5.94,0.2012
2025-07-02 16:00:00,65.95,45.87,5.45,0.2238
2025-07-02 17:00:00,51.34,42.11,2.52,0.1479
2025-07-02 18:00:00,49.69,55.58,5.11,0.1307
2025-07-02 19:00:00,40.55,44.91,4.55,0.152
2025-07-02 20:00:00,33.73,25.2,2.16,0.1393
2025-07-02 21:00:00,23.06,14.98,7.31,0.1213
2025-07-02 22:00:00,18.91,20.5,6.24,0.0685
2025-07-02 23:00:00,12.38,11.7,6.37,0.09
2025-07-03 00:00:00,23.04,37.95,7.43,0.1181
2025-07-03 01:00:00,25.59,25.87,6.01,0.1038
2025-07-03 02:00:00,17.85,27.57,10.89,0.1911
2025-07-03 03:00:00,40.95,26.57,11.22,0.1021
2025-07-03 04:00:00,32.48,17.15,11.17,0.1766
2025-07-03 05:00:00,54.48,36.17,13.78,0.2106
2025-07-03 06:00:00,44.86,60.87,9.92,0.1647
2025-07-03 07:00:00,41.55,63.44,10.97,0.2288
2025-07-03 08:00:00,68.22,52.21,10.19,0.3054
2025-07-03 09:00:00,73.2,63.09,10.41,0.2975
2025-07-03 10:00:00,76.26,49.51,10.1,0.3472
2025-07-03 11:00:00,73.84,33.71,9.68,0.3429
2025-07-03 12:00:00,79.72,96.91,7.48,0.2996
2025-07-03 13:00:00,74.89,79.9,5.65,0.2801
2025-07-03 14:00:00,73.56,73.79,8.53,0.252
2025-07-03 15:00:00,77.95,45.21,8.79,0.1462
2025-07-03 16:00:00,66.47,99.18,4.75,0.1582
2025-07-03 17:00:00,156.29,132.69,3.0,0.1771
2025-07-03 18:00:00,48.15,55.85,6.21,0.1685
2025-07-03 19:00:00,39.5,22.26,1.97,0.138
2025-07-03 20:00:00,25.77,24.3,4.03,0.0866
2025-07-03 21:00:00,25.83,28.08,4.13,0.1315
2025-07-03 22:00:00,10.0,10.98,4.26,0.1445
2025-07-03 23:00:00,16.3,17.06,6.54,0.1315
2025-07-04 00:00:00,16.35,18.77,6.7,0.1431
2025-07-04 01:00:00,22.38,14.79,9.05,0.1125
2025-07-04 02:00:00,18.27,19.35,10.04,0.1823
2025-07-04 03:00:00,27.25,28.18,9.9,0.1785
2025-07-04 04:00:00,12.31,13.17,10.91,0.2153
2025-07-04 05:00:00,35.45,36.21,11.52,0.2368
2025-07-04 06:00:00,29.06,17.96,13.21,0.2464
2025-07-04 07:00:00,39.43,23.84,11.64,0.2449
2025-07-04 08:00:00,53.75,18.05,12.7,0.2841
2025-07-04 09:00:00,70.74,88.09,11.71,0.3262
2025-07-04 10:00:00,67.55,84.33,10.86,0.2868
2025-07-04 11:00:00,67.28,84.3,11.12,0.3234
2025-07-04 12:00:00,67.84,74.09,6.32,0.3087
2025-07-04 13:00:00,61.42,22.12,6.25,0.2617
2025-07-04 14:00:00,60.23,41.68,8.64,0.2917
2025-07-04 15:00:00,63.95,67.22,4.79,0.2152
2025-07-04 16:00:00,44.17,45.96,1.0,0.2453
2025-07-04 17:00:00,53.84,50.25,3.83,0.1871
2025-07-04 18:00:00,39.39,43.75,4.2,0.1495
2025-07-04 19:00:00,42.5,42.65,1.0,0.1027
2025-07-04 20:00:00,37.44,38.8,6.54,0.1107
2025-07-04 21:00:00,11.08,8.96,4.1,0.0973
2025-07-04 22:00:00,15.76,20.41,6.49,0.0623
2025-07-04 23:00:00,11.02,9.6,6.63,0.0969
2025-07-05 00:00:00,10.0,6.01,6.07,0.0893
2025-07-05 01:00:00,10.0,7.69,7.43,0.1469
2025-07-05 02:00:00,39.95,35.77,8.6,0.1892
2025-07-05 03:00:00,29.34,38.1,12.46,0.1373
2025-07-05 04:00:00,45.09,44.52,11.24,0.2514
2025-07-05 05:00:00,170.63,161.1,11.08,0.222
2025-07-05 06:00:00,36.57,22.87,10.6,0.2207
2025-07-05 07:00:00,46.05,56.9,13.66,0.2934
2025-07-05 08:00:00,59.96,48.23,13.66,0.2732
2025-07-05 09:00:00,64.03,62.11,12.61,0.2941
2025-07-05 10:00:00,59.96,86.59,10.74,0.2879
2025-07-05 11:00:00,55.05,63.45,9.47,0.2721
2025-07-05 12:00:00,94.3,48.24,6.18,0.3083
2025-07-05 13:00:00,66.0,30.96,6.6,0.2621
2025-07-05 14:00:00,61.98,60.78,4.97,0.2069
2025-07-05 15:00:00,61.44,39.09,2.43,0.2424
2025-07-05 16:00:00,53.31,63.68,6.12,0.1638
2025-07-05 17:00:00,50.08,50.72,3.09,0.1395
2025-07-05 18:00:00,52.8,55.42,5.79,0.1858
2025-07-05 19:00:00,34.9,27.5,5.46,0.0934
2025-07-05 20:00:00,20.45,31.13,5.37,0.05
2025-07-05 21:00:00,23.18,42.94,6.09,0.1221
2025-07-05 22:00:00,16.7,15.31,5.08,0.0909
2025-07-05 23:00:00,29.26,32.36,9.75,0.0969
2025-07-06 00:00:00,29.37,30.23,8.06,0.104
2025-07-06 01:00:00,21.88,20.18,9.49,0.1362
2025-07-06 02:00:00,13.79,10.35,9.03,0.1274
2025-07-06 03:00:00,18.98,12.8,9.43,0.2184
2025-07-06 04:00:00,35.12,23.16,12.18,0.1557
2025-07-06 05:00:00,44.93,50.39,12.19,0.2392
2025-07-06 06:00:00,47.0,39.68,10.82,0.2693
2025-07-06 07:00:00,53.92,12.21,9.71,0.2479
2025-07-06 08:00:00,60.26,68.3,9.56,0.2559
2025-07-06 09:00:00,179.73,177.66,12.62,0.3271
2025-07-06 10:00:00,56.92,79.91,9.08,0.2703
2025-07-06 11:00:00,70.17,78.02,8.53,0.2784
2025-07-06 12:00:00,74.98,41.72,10.18,0.3132
2025-07-06 13:00:00,88.64,29.35,5.28,0.2718
2025-07-06 14:00:00,69.47,54.48,4.91,0.1961
2025-07-06 15:00:00,72.66,59.03,4.02,0.2783
2025-07-06 16:00:00,66.81,85.72,6.96,0.1841
2025-07-06 17:00:00,68.15,67.97,7.13,0.162
2025-07-06 18:00:00,60.1,80.54,5.13,0.1577
2025-07-06 19:00:00,41.78,25.17,5.31,0.148
2025-07-06 20:00:00,31.2,40.23,3.67,0.1722
2025-07-06 21:00:00,23.48,28.55,8.09,0.0536
2025-07-06 22:00:00,216.08,85.25,6.4,0.1248
2025-07-06 23:00:00,17.55,24.51,8.24,0.1257
2025-07-07 00:00:00,24.43,25.11,7.84,0.1093
2025-07-07 01:00:00,24.38,27.25,8.63,0.1529
2025-07-07 02:00:00,28.75,21.29,12.49,0.178
2025-07-07 03:00:00,38.86,53.73,11.64,0.1327
2025-07-07 04:00:00,49.9,32.15,13.64,0.2525
2025-07-07 05:00:00,43.23,54.02,12.25,0.1791
2025-07-07 06:00:00,58.8,73.27,10.73,0.2159
2025-07-07 07:00:00,54.95,38.89,10.99,0.2629
2025-07-07 08:00:00,74.48,118.8,11.62,0.3444
2025-07-07 09:00:00,79.71,85.24,9.89,0.2873
2025-07-07 10:00:00,84.05,100.54,8.34,0.299
2025-07-07 11:00:00,79.73,43.2,10.84,0.3396
2025-07-07 12:00:00,74.65,122.08,7.18,0.2776
2025-07-07 13:00:00,67.82,42.91,7.17,0.2354
2025-07-07 14:00:00,75.66,98.92,6.44,0.2375
2025-07-07 15:00:00,83.48,58.57,4.29,0.267
2025-07-07 16:00:00,62.52,50.91,6.71,0.2021
2025-07-07 17:00:00,64.05,79.2,2.46,0.232
2025-07-07 18:00:00,56.75,74.25,4.39,0.1721
2025-07-07 19:00:00,39.97,24.72,4.51,0.1099
2025-07-07 20:00:00,45.53,60.43,4.45,0.1149
2025-07-07 21:00:00,10.0,13.13,3.23,0.0778
2025-07-07 22:00:00,14.24,10.23,7.31,0.0799
2025-07-07 23:00:00,13.7,20.27,8.08,0.2378
2025-07-08 00:00:00,13.44,7.57,6.99,0.144
2025-07-08 01:00:00,23.71,19.27,10.1,0.1551
2025-07-08 02:00:00,26.34,30.12,10.56,0.1313
2025-07-08 03:00:00,31.94,23.76,8.91,0.2212
2025-07-08 04:00:00,39.77,42.92,10.18,0.233
2025-07-08 05:00:00,34.63,37.14,13.57,0.2823
2025-07-08 06:00:00,40.25,38.0,12.46,0.305
2025-07-08 07:00:00,60.94,76.15,11.02,0.2263
2025-07-08 08:00:00,59.96,55.85,10.18,0.2533
2025-07-08 09:00:00,58.65,62.72,10.06,0.2665
2025-07-08 10:00:00,83.75,112.56,9.33,0.2717
2025-07-08 11:00:00,90.14,111.52,7.77,0.3063
2025-07-08 12:00:00,92.46,114.26,5.39,0.2696
2025-07-08 13:00:00,80.47,52.73,8.67,0.3329
2025-07-08 14:00:00,80.99,93.74,7.46,0.3071
2025-07-08 15:00:00,82.17,60.52,3.26,0.2257
2025-07-08 16:00:00,59.87,36.85,4.74,0.2587
2025-07-08 17:00:00,66.65,65.22,2.78,0.2188
2025-07-08 18:00:00,52.2,38.04,3.61,0.1365
2025-07-08 19:00:00,49.55,61.3,3.62,0.069
2025-07-08 20:00:00,36.49,45.41,3.89,0.1069
2025-07-08 21:00:00,39.16,16.81,8.18,0.0841
2025-07-08 22:00:00,25.81,19.39,5.34,0.1062
2025-07-08 23:00:00,10.0,5.62,5.75,0.1061
2025-07-09 00:00:00,31.62,27.23,6.86,0.1153
2025-07-09 01:00:00,13.44,15.28,10.6,0.145
2025-07-09 02:00:00,34.04,31.57,7.52,0.1136
2025-07-09 03:00:00,28.06,23.1,9.68,0.1865
2025-07-09 04:00:00,44.41,61.73,13.63,0.1868
2025-07-09 05:00:00,51.31,15.83,12.23,0.2319
2025-07-09 06:00:00,53.44,73.27,12.29,0.2787
2025-07-09 07:00:00,61.83,51.74,15.06,0.234
2025-07-09 08:00:00,68.38,66.78,11.83,0.2782
2025-07-09 09:00:00,55.1,46.38,9.77,0.293
2025-07-09 10:00:00,76.93,112.53,9.58,0.2846
2025-07-09 11:00:00,70.05,44.18,7.33,0.3236
2025-07-09 12:00:00,81.37,81.66,9.88,0.265
2025-07-09 13:00:00,69.83,80.88,7.83,0.254
2025-07-09 14:00:00,66.5,34.36,7.69,0.2287
2025-07-09 15:00:00,84.05,60.86,6.99,0.2586
2025-07-09 16:00:00,73.56,70.29,3.91,0.1852
2025-07-09 17:00:00,57.73,42.37,2.72,0.1879
2025-07-09 18:00:00,51.48,38.88,3.92,0.2093
2025-07-09 19:00:00,40.25,36.03,2.83,0.127
2025-07-09 20:00:00,39.56,47.27,4.78,0.1468
2025-07-09 21:00:00,23.38,20.97,6.87,0.1535
2025-07-09 22:00:00,132.23,175.01,5.75,0.1308
2025-07-09 23:00:00,19.0,13.31,7.19,0.1029
2025-07-10 00:00:00,16.64,10.39,7.86,0.1327
2025-07-10 01:00:00,187.98,296.61,10.24,0.0907
2025-07-10 02:00:00,19.29,15.48,9.0,0.1266
2025-07-10 03:00:00,31.42,19.06,7.53,0.156
2025-07-10 04:00:00,30.7,14.66,12.17,0.2672
2025-07-10 05:00:00,45.98,60.81,13.35,0.2015
2025-07-10 06:00:00,59.73,53.61,12.67,0.2252
2025-07-10 07:00:00,52.01,48.05,10.9,0.2394
2025-07-10 08:00:00,63.96,60.9,9.76,0.3034
2025-07-10 09:00:00,74.9,97.67,11.57,0.3009
2025-07-10 10:00:00,72.49,68.59,10.21,0.3326
2025-07-10 11:00:00,82.69,140.84,8.85,0.3167
2025-07-10 12:00:00,84.44,87.83,10.73,0.2452
2025-07-10 13:00:00,87.64,115.56,5.54,0.2465
2025-07-10 14:00:00,71.13,88.32,8.66,0.291
2025-07-10 15:00:00,63.67,62.97,5.22,0.2198
2025-07-10 16:00:00,62.54,51.53,1.78,0.2356
2025-07-10 17:00:00,50.02,55.0,3.87,0.1696
2025-07-10 18:00:00,54.52,62.86,5.44,0.121
2025-07-10 19:00:00,32.94,27.28,3.59,0.1202
2025-07-10 20:00:00,53.66,56.34,2.32,0.0844
2025-07-10 21:00:00,39.15,53.68,4.92,0.0864
2025-07-10 22:00:00,24.12,39.1,4.71,0.106
2025-07-10 23:00:00,27.96,35.13,7.7,0.1188
2025-07-11 00:00:00,10.0,15.59,9.16,0.0657
2025-07-11 01:00:00,38.06,30.87,7.45,0.1288
2025-07-11 02:00:00,15.69,19.0,8.94,0.1324
2025-07-11 03:00:00,23.5,32.94,11.96,0.1547
2025-07-11 04:00:00,14.9,10.9,10.18,0.204
2025-07-11 05:00:00,39.79,33.99,10.24,0.2094
2025-07-11 06:00:00,33.65,51.19,10.23,0.2915
2025-07-11 07:00:00,49.91,35.31,12.39,0.3064
2025-07-11 08:00:00,50.9,30.42,11.93,0.3221
2025-07-11 09:00:00,51.91,75.7,9.8,0.2817
2025-07-11 10:00:00,58.15,79.03,10.01,0.2711
2025-07-11 11:00:00,68.94,77.87,11.33,0.2991
2025-07-11 12:00:00,57.75,56.96,6.54,0.2821
2025-07-11 13:00:00,61.14,53.1,4.04,0.2524
2025-07-11 14:00:00,69.89,75.8,6.68,0.2147
2025-07-11 15:00:00,81.35,119.91,5.01,0.2246
2025-07-11 16:00:00,59.07,63.3,3.47,0.1879
2025-07-11 17:00:00,220.07,363.14,5.11,0.1948
2025-07-11 18:00:00,39.56,28.91,5.26,0.17
2025-07-11 19:00:00,36.15,35.94,1.0,0.1623
2025-07-11 20:00:00,26.95,23.94,3.56,0.0756
2025-07-11 21:00:00,31.69,21.38,8.65,0.1154
2025-07-11 22:00:00,22.16,21.14,6.88,0.0782
2025-07-11 23:00:00,25.13,28.28,7.98,0.0668
2025-07-12 00:00:00,14.48,16.76,9.76,0.1005
2025-07-12 01:00:00,28.47,47.01,9.06,0.1614
2025-07-12 02:00:00,19.08,21.74,11.2,0.1388
2025-07-12 03:00:00,16.7,22.46,11.91,0.2211
2025-07-12 04:00:00,47.17,48.1,12.27,0.2165
2025-07-12 05:00:00,21.3,32.02,11.38,0.2141
2025-07-12 06:00:00,36.59,62.92,12.26,0.2848
2025-07-12 07:00:00,44.08,51.11,10.98,0.2841
2025-07-12 08:00:00,75.32,52.89,11.48,0.2586
2025-07-12 09:00:00,74.99,62.64,9.08,0.3524
2025-07-12 10:00:00,76.54,83.01,8.81,0.3078
2025-07-12 11:00:00,179.83,204.45,8.61,0.2972
2025-07-12 12:00:00,194.14,234.81,6.58,0.2609
2025-07-12 13:00:00,70.08,79.75,6.21,0.3061
2025-07-12 14:00:00,72.4,72.55,5.75,0.2655
2025-07-12 15:00:00,61.97,50.14,5.77,0.2448
2025-07-12 16:00:00,54.85,61.46,5.96,0.1848
2025-07-12 17:00:00,47.09,73.29,3.44,0.1991
2025-07-12 18:00:00,40.82,53.31,6.0,0.1774
2025-07-12 19:00:00,40.77,47.31,5.54,0.1092
2025-07-12 20:00:00,32.69,42.78,5.29,0.0709
2025-07-12 21:00:00,24.22,21.52,5.4,0.1208
2025-07-12 22:00:00,32.49,27.54,6.48,0.0528
2025-07-12 23:00:00,10.0,7.76,8.75,0.108
2025-07-13 00:00:00,24.08,23.17,9.84,0.1
2025-07-13 01:00:00,26.76,23.38,11.04,0.1658
2025-07-13 02:00:00,33.19,45.23,10.06,0.1382
2025-07-13 03:00:00,28.27,24.24,11.66,0.2073
2025-07-13 04:00:00,198.83,150.94,13.48,0.1846
2025-07-13 05:00:00,50.12,79.33,10.93,0.2559
2025-07-13 06:00:00,61.93,53.54,11.52,0.3118
2025-07-13 07:00:00,55.36,57.91,11.89,0.2387
2025-07-13 08:00:00,67.14,76.23,12.81,0.2954
2025-07-13 09:00:00,84.64,55.78,12.2,0.3791
2025-07-13 10:00:00,58.99,80.85,9.65,0.302
2025-07-13 11:00:00,73.46,87.5,6.77,0.2984
2025-07-13 12:00:00,91.73,134.61,8.37,0.3103
2025-07-13 13:00:00,87.72,69.84,5.59,0.2719
2025-07-13 14:00:00,267.09,275.04,3.77,0.1988
2025-07-13 15:00:00,67.62,68.42,3.28,0.2599
2025-07-13 16:00:00,221.19,238.7,5.03,0.1399
2025-07-13 17:00:00,53.03,29.89,6.18,0.1616
2025-07-13 18:00:00,62.38,64.46,4.06,0.1862
2025-07-13 19:00:00,37.21,21.29,4.45,0.1186
2025-07-13 20:00:00,35.81,39.66,6.31,0.0926
2025-07-13 21:00:00,22.76,8.22,2.85,0.1298
2025-07-13 22:00:00,30.76,13.67,6.78,0.0745
2025-07-13 23:00:00,16.71,20.82,6.95,0.0667
2025-07-14 00:00:00,19.22,16.07,8.85,0.1216
2025-07-14 01:00:00,10.0,7.04,8.31,0.1238
2025-07-14 02:00:00,95.18,131.47,8.77,0.1127
2025-07-14 03:00:00,28.85,31.68,11.04,0.1932
2025-07-14 04:00:00,207.64,261.97,13.94,0.2139
2025-07-14 05:00:00,59.08,56.13,13.16,0.2151
2025-07-14 06:00:00,33.51,60.44,11.24,0.2413
2025-07-14 07:00:00,159.5,130.57,9.85,0.2848
2025-07-14 08:00:00,65.13,99.22,8.94,0.3223
2025-07-14 09:00:00,68.29,67.03,12.8,0.2881
2025-07-14 10:00:00,67.15,33.82,8.57,0.3196
2025-07-14 11:00:00,71.31,81.64,8.55,0.3135
2025-07-14 12:00:00,72.07,78.88,9.98,0.313
2025-07-14 13:00:00,76.68,52.5,4.54,0.2719
2025-07-14 14:00:00,91.6,66.25,8.24,0.2226
2025-07-14 15:00:00,71.84,71.3,4.79,0.212
2025-07-14 16:00:00,74.46,82.28,2.81,0.2103
2025-07-14 17:00:00,61.82,16.0,3.77,0.2287
2025-07-14 18:00:00,58.91,77.52,2.92,0.1355
2025-07-14 19:00:00,19.84,16.89,4.8,0.1534
2025-07-14 20:00:00,32.56,19.55,3.56,0.1036
2025-07-14 21:00:00,39.24,50.32,2.3,0.1067
2025-07-14 22:00:00,19.45,19.31,5.67,0.1455
2025-07-14 23:00:00,35.12,47.94,4.93,0.1263
2025-07-15 00:00:00,31.87,36.06,8.31,0.0762
2025-07-15 01:00:00,17.27,17.26,7.25,0.1121
2025-07-15 02:00:00,19.99,19.08,9.27,0.1877
2025-07-15 03:00:00,20.68,23.67,11.1,0.1784
2025-07-15 04:00:00,166.4,145.75,11.15,0.1655
2025-07-15 05:00:00,207.09,154.12,12.24,0.2013
2025-07-15 06:00:00,53.43,63.21,13.02,0.2711
2025-07-15 07:00:00,46.12,44.12,10.13,0.3005
2025-07-15 08:00:00,69.83,70.53,11.37,0.2871
2025-07-15 09:00:00,76.24,101.15,5.83,0.3709
2025-07-15 10:00:00,62.69,60.55,10.37,0.3247
2025-07-15 11:00:00,91.38,91.79,8.58,0.2893
2025-07-15 12:00:00,84.11,68.98,6.52,0.2621
2025-07-15 13:00:00,163.23,184.33,7.44,0.2415
2025-07-15 14:00:00,69.91,77.25,7.76,0.2601
2025-07-15 15:00:00,76.19,96.78,4.46,0.2112
2025-07-15 16:00:00,74.01,61.15,3.12,0.2502
2025-07-15 17:00:00,56.98,49.15,4.38,0.2181
2025-07-15 18:00:00,66.02,81.7,2.0,0.169
2025-07-15 19:00:00,42.59,45.81,3.15,0.0939
2025-07-15 20:00:00,44.13,32.13,6.37,0.0932
2025-07-15 21:00:00,31.13,43.33,5.26,0.1411
2025-07-15 22:00:00,28.7,14.08,3.18,0.0831
2025-07-15 23:00:00,10.0,12.35,4.27,0.1371
2025-07-16 00:00:00,22.97,14.25,8.24,0.1276
2025-07-16 01:00:00,15.14,23.71,10.33,0.1308
2025-07-16 02:00:00,17.25,9.26,7.57,0.1289
2025-07-16 03:00:00,42.74,57.51,11.5,0.1713
2025-07-16 04:00:00,33.29,32.47,13.46,0.2057
2025-07-16 05:00:00,34.21,30.45,14.7,0.2569
2025-07-16 06:00:00,47.13,49.75,12.5,0.2234
2025-07-16 07:00:00,47.36,56.34,12.62,0.2628
2025-07-16 08:00:00,76.47,55.72,8.26,0.2879
2025-07-16 09:00:00,233.32,176.22,13.98,0.3165
2025-07-16 10:00:00,80.22,95.85,9.14,0.2727
2025-07-16 11:00:00,89.83,43.82,7.64,0.2571
2025-07-16 12:00:00,215.42,177.67,7.62,0.3068
2025-07-16 13:00:00,83.23,159.16,9.23,0.2252
2025-07-16 14:00:00,67.74,48.07,9.31,0.2885
2025-07-16 15:00:00,90.78,122.04,5.36,0.2212
2025-07-16 16:00:00,72.49,59.75,6.03,0.1536
2025-07-16 17:00:00,56.22,64.81,4.2,0.1597
2025-07-16 18:00:00,43.82,52.42,2.44,0.1614
2025-07-16 19:00:00,41.32,55.32,6.35,0.1133
2025-07-16 20:00:00,32.28,30.34,3.6,0.114
2025-07-16 21:00:00,44.41,70.91,7.47,0.1256
2025-07-16 22:00:00,14.21,11.7,7.95,0.0939
2025-07-16 23:00:00,22.1,23.65,7.89,0.0753
2025-07-17 00:00:00,19.85,21.31,10.74,0.1044
2025-07-17 01:00:00,20.08,13.32,12.38,0.1717
2025-07-17 02:00:00,23.15,21.16,9.74,0.2006
2025-07-17 03:00:00,27.86,29.21,9.62,0.1135
2025-07-17 04:00:00,41.98,36.54,8.67,0.2327
2025-07-17 05:00:00,47.11,81.6,15.23,0.2334
2025-07-17 06:00:00,53.35,39.93,11.34,0.2777
2025-07-17 07:00:00,33.49,45.34,13.57,0.2542
2025-07-17 08:00:00,67.4,84.72,10.35,0.2336
2025-07-17 09:00:00,57.97,57.73,13.14,0.3141
2025-07-17 10:00:00,81.15,60.09,8.95,0.2718
2025-07-17 11:00:00,90.77,69.85,7.25,0.2549
2025-07-17 12:00:00,72.59,61.31,7.69,0.2471
2025-07-17 13:00:00,76.88,35.7,6.17,0.2887
2025-07-17 14:00:00,71.19,49.76,6.89,0.2542
2025-07-17 15:00:00,81.1,45.03,5.09,0.2494
2025-07-17 16:00:00,249.76,350.61,5.48,0.2201
2025-07-17 17:00:00,71.59,84.87,3.7,0.1615
2025-07-17 18:00:00,53.31,65.88,3.0,0.1479
2025-07-17 19:00:00,44.18,51.98,3.26,0.1139
2025-07-17 20:00:00,35.55,37.33,7.6,0.1071
2025-07-17 21:00:00,35.33,50.81,5.51,0.0744
2025-07-17 22:00:00,10.12,8.26,3.02,0.1117
2025-07-17 23:00:00,21.7,22.4,6.18,0.1357
2025-07-18 00:00:00,16.44,20.12,8.15,0.0889
2025-07-18 01:00:00,23.67,14.29,11.8,0.1677
2025-07-18 02:00:00,18.91,36.49,11.54,0.1534
2025-07-18 03:00:00,16.16,16.3,9.45,0.1814
2025-07-18 04:00:00,29.81,31.08,15.09,0.149
2025-07-18 05:00:00,27.24,37.51,11.82,0.1717
2025-07-18 06:00:00,27.1,34.54,13.87,0.2543
2025-07-18 07:00:00,54.92,55.54,10.13,0.2944
2025-07-18 08:00:00,59.88,62.22,7.87,0.2665
2025-07-18 09:00:00,64.27,35.27,8.72,0.3467
2025-07-18 10:00:00,75.01,62.49,5.12,0.322
2025-07-18 11:00:00,61.81,71.4,12.2,0.2693
2025-07-18 12:00:00,56.55,64.08,8.32,0.2875
2025-07-18 13:00:00,66.57,90.96,5.58,0.345
2025-07-18 14:00:00,61.8,59.57,6.68,0.2127
2025-07-18 15:00:00,53.79,31.41,5.46,0.2417
2025-07-18 16:00:00,54.61,71.92,5.47,0.1903
2025-07-18 17:00:00,44.21,63.25,5.95,0.1953
2025-07-18 18:00:00,27.81,35.31,3.57,0.188
2025-07-18 19:00:00,32.37,30.78,2.82,0.1177
2025-07-18 20:00:00,20.66,27.13,5.78,0.147
2025-07-18 21:00:00,26.32,53.4,6.38,0.17
2025-07-18 22:00:00,15.17,15.69,6.15,0.102
2025-07-18 23:00:00,26.76,16.23,10.23,0.127
2025-07-19 00:00:00,29.83,24.58,7.34,0.0957
2025-07-19 01:00:00,23.3,27.68,7.69,0.1299
2025-07-19 02:00:00,10.0,5.19,10.63,0.1447
2025-07-19 03:00:00,36.51,38.37,9.82,0.198
2025-07-19 04:00:00,118.15,131.63,12.21,0.2361
2025-07-19 05:00:00,36.05,52.65,10.61,0.2226
2025-07-19 06:00:00,53.08,73.95,11.4,0.296
2025-07-19 07:00:00,44.69,56.28,14.7,0.3166
2025-07-19 08:00:00,153.42,53.88,10.86,0.312
2025-07-19 09:00:00,54.45,69.49,9.63,0.2811
2025-07-19 10:00:00,78.42,95.02,11.76,0.2816
2025-07-19 11:00:00,55.2,59.44,7.46,0.2722
2025-07-19 12:00:00,68.0,32.7,6.96,0.3151
2025-07-19 13:00:00,67.4,51.7,7.83,0.2344
2025-07-19 14:00:00,60.48,39.31,7.41,0.2703
2025-07-19 15:00:00,56.98,22.54,7.0,0.1934
2025-07-19 16:00:00,55.83,55.78,3.42,0.2247
2025-07-19 17:00:00,44.6,33.93,5.03,0.1746
2025-07-19 18:00:00,31.12,55.64,3.3,0.19
2025-07-19 19:00:00,37.62,35.72,3.23,0.1635
2025-07-19 20:00:00,213.26,296.04,6.34,0.1564
2025-07-19 21:00:00,31.43,16.63,4.35,0.1472
2025-07-19 22:00:00,13.94,11.72,6.42,0.1043
2025-07-19 23:00:00,10.0,10.29,7.2,0.0686
2025-07-20 00:00:00,17.73,12.9,6.39,0.0818
2025-07-20 01:00:00,33.56,29.31,10.48,0.0667
2025-07-20 02:00:00,29.18,27.28,10.84,0.1175
2025-07-20 03:00:00,34.42,32.0,7.85,0.1762
2025-07-20 04:00:00,42.12,65.56,11.88,0.1832
2025-07-20 05:00:00,45.6,50.78,10.7,0.2205
2025-07-20 06:00:00,50.96,58.3,13.65,0.2648
2025-07-20 07:00:00,63.06,73.27,9.7,0.2616
2025-07-20 08:00:00,60.63,71.77,10.93,0.2529
2025-07-20 09:00:00,59.9,58.41,11.37,0.295
2025-07-20 10:00:00,134.65,121.69,10.08,0.273
2025-07-20 11:00:00,155.71,163.5,10.18,0.2885
2025-07-20 12:00:00,71.05,95.71,5.72,0.3269
2025-07-20 13:00:00,85.55,114.46,9.44,0.2626
2025-07-20 14:00:00,89.43,82.98,6.79,0.3031
2025-07-20 15:00:00,71.2,87.6,7.21,0.2688
2025-07-20 16:00:00,58.46,55.04,5.85,0.1826
2025-07-20 17:00:00,58.75,59.35,4.12,0.1408
2025-07-20 18:00:00,45.6,39.12,2.07,0.1484
2025-07-20 19:00:00,37.3,35.27,3.29,0.1639
2025-07-20 20:00:00,38.47,53.94,6.92,0.0987
2025-07-20 21:00:00,15.96,16.4,7.25,0.1307
2025-07-20 22:00:00,12.47,12.97,5.07,0.1363
2025-07-20 23:00:00,21.18,11.98,2.74,0.0802
2025-07-21 00:00:00,19.82,17.98,7.68,0.0931
2025-07-21 01:00:00,23.77,22.05,8.6,0.1507
2025-07-21 02:00:00,39.02,29.31,9.63,0.1546
2025-07-21 03:00:00,29.62,29.82,11.62,0.1535
2025-07-21 04:00:00,39.79,34.66,12.78,0.1894
2025-07-21 05:00:00,34.43,35.26,13.35,0.2238
2025-07-21 06:00:00,56.14,58.19,12.67,0.2031
2025-07-21 07:00:00,53.55,38.2,9.16,0.2937
2025-07-21 08:00:00,65.57,57.73,10.95,0.2722
2025-07-21 09:00:00,70.34,71.98,14.28,0.2131
2025-07-21 10:00:00,84.24,114.18,10.56,0.2993
2025-07-21 11:00:00,68.5,73.77,9.59,0.2743
2025-07-21 12:00:00,61.73,49.47,8.54,0.3373
2025-07-21 13:00:00,77.27,86.52,7.59,0.2531
2025-07-21 14:00:00,79.73,120.57,2.43,0.2171
2025-07-21 15:00:00,72.43,92.35,4.81,0.2411
2025-07-21 16:00:00,273.44,318.36,4.48,0.1802
2025-07-21 17:00:00,61.26,74.6,6.06,0.1507
2025-07-21 18:00:00,45.49,65.14,4.07,0.1653
2025-07-21 19:00:00,23.63,31.26,1.67,0.0981
2025-07-21 20:00:00,33.1,38.73,5.18,0.0697
2025-07-21 21:00:00,37.01,48.88,3.97,0.1552
2025-07-21 22:00:00,20.88,14.11,4.17,0.1174
2025-07-21 23:00:00,21.25,11.67,5.71,0.0955
2025-07-22 00:00:00,23.37,24.47,8.81,0.1133
2025-07-22 01:00:00,12.9,13.17,10.92,0.1445
2025-07-22 02:00:00,29.01,24.27,10.72,0.1792
2025-07-22 03:00:00,41.88,52.26,11.78,0.1514
2025-07-22 04:00:00,33.62,14.83,12.17,0.211
2025-07-22 05:00:00,33.2,27.88,12.02,0.2107
2025-07-22 06:00:00,49.47,42.27,13.05,0.2443
2025-07-22 07:00:00,39.97,20.35,8.24,0.2755
2025-07-22 08:00:00,67.7,98.05,11.63,0.2864
2025-07-22 09:00:00,74.83,44.32,9.26,0.3187
2025-07-22 10:00:00,89.39,73.61,11.74,0.3146
2025-07-22 11:00:00,169.48,215.65,8.81,0.2513
2025-07-22 12:00:00,83.27,99.41,8.05,0.2459
2025-07-22 13:00:00,72.09,48.12,4.71,0.2596
2025-07-22 14:00:00,73.13,88.1,7.53,0.3049
2025-07-22 15:00:00,59.01,64.14,6.11,0.2003
2025-07-22 16:00:00,63.44,107.85,5.37,0.1938
2025-07-22 17:00:00,55.32,62.03,2.92,0.158
2025-07-22 18:00:00,52.39,50.17,2.84,0.1334
2025-07-22 19:00:00,37.25,27.68,4.47,0.1346
2025-07-22 20:00:00,35.67,27.7,3.49,0.1554
2025-07-22 21:00:00,26.12,19.65,5.82,0.1171
2025-07-22 22:00:00,21.37,30.16,2.76,0.0759
2025-07-22 23:00:00,21.67,21.78,6.23,0.186
2025-07-23 00:00:00,20.32,23.77,10.7,0.1158
2025-07-23 01:00:00,223.44,324.95,9.69,0.112
2025-07-23 02:00:00,23.05,6.74,10.25,0.1924
2025-07-23 03:00:00,25.99,35.96,13.81,0.16
2025-07-23 04:00:00,33.55,34.11,7.96,0.2499
2025-07-23 05:00:00,36.52,41.28,10.64,0.1998
2025-07-23 06:00:00,47.12,35.41,11.4,0.2929
2025-07-23 07:00:00,74.01,57.25,13.15,0.2767
2025-07-23 08:00:00,57.7,66.16,12.78,0.3253
2025-07-23 09:00:00,68.98,118.33,9.53,0.3536
2025-07-23 10:00:00,72.88,94.82,11.5,0.266
2025-07-23 11:00:00,77.0,106.23,8.43,0.3349
2025-07-23 12:00:00,77.35,72.89,9.82,0.2443
2025-07-23 13:00:00,81.21,66.59,5.42,0.2393
2025-07-23 14:00:00,62.3,47.71,5.82,0.2259
2025-07-23 15:00:00,79.51,67.86,4.44,0.241
2025-07-23 16:00:00,70.06,26.91,6.12,0.201
2025-07-23 17:00:00,125.2,97.97,3.35,0.1691
2025-07-23 18:00:00,31.85,26.49,3.94,0.1544
2025-07-23 19:00:00,34.42,32.61,4.9,0.147
2025-07-23 20:00:00,137.22,142.65,5.35,0.1334
2025-07-23 21:00:00,49.43,54.8,6.5,0.1362
2025-07-23 22:00:00,28.37,28.24,6.32,0.1546
2025-07-23 23:00:00,10.0,8.26,6.34,0.1028
2025-07-24 00:00:00,14.48,5.95,7.48,0.0978
2025-07-24 01:00:00,20.6,17.04,9.07,0.1477
2025-07-24 02:00:00,26.05,18.45,10.37,0.1157
2025-07-24 03:00:00,18.27,20.82,10.61,0.1538
2025-07-24 04:00:00,33.92,43.17,11.49,0.23
2025-07-24 05:00:00,36.49,46.77,9.59,0.2222
2025-07-24 06:00:00,41.17,50.52,13.0,0.2138
2025-07-24 07:00:00,59.84,57.44,12.14,0.226
2025-07-24 08:00:00,71.19,60.04,12.97,0.2881
2025-07-24 09:00:00,77.94,60.47,10.83,0.3308
2025-07-24 10:00:00,80.58,44.14,7.39,0.3339
2025-07-24 11:00:00,75.0,97.32,8.5,0.2999
2025-07-24 12:00:00,85.72,81.22,7.7,0.3469
2025-07-24 13:00:00,81.45,51.0,8.08,0.2676
2025-07-24 14:00:00,77.05,57.95,2.89,0.2458
2025-07-24 15:00:00,66.32,49.07,5.23,0.1489
2025-07-24 16:00:00,61.02,61.81,5.31,0.1866
2025-07-24 17:00:00,58.36,77.04,3.14,0.1997
2025-07-24 18:00:00,69.52,62.26,4.11,0.1969
2025-07-24 19:00:00,44.65,14.48,3.2,0.1044
2025-07-24 20:00:00,30.11,28.4,3.44,0.1273
2025-07-24 21:00:00,185.06,176.39,4.56,0.1348
2025-07-24 22:00:00,20.09,18.73,4.93,0.1003
2025-07-24 23:00:00,38.44,31.2,7.99,0.05
2025-07-25 00:00:00,13.81,14.71,6.9,0.1208
2025-07-25 01:00:00,25.12,25.62,7.68,0.1521
2025-07-25 02:00:00,17.41,17.28,12.65,0.1216
2025-07-25 03:00:00,26.56,29.85,12.27,0.1665
2025-07-25 04:00:00,36.08,31.43,8.67,0.1653
2025-07-25 05:00:00,179.99,153.72,10.72,0.1488
2025-07-25 06:00:00,37.37,52.84,12.36,0.2808
2025-07-25 07:00:00,62.37,72.84,12.35,0.2706
2025-07-25 08:00:00,63.13,78.79,9.23,0.3345
2025-07-25 09:00:00,66.86,91.45,12.57,0.3223
2025-07-25 10:00:00,70.88,82.07,11.24,0.2894
2025-07-25 11:00:00,70.81,90.53,9.76,0.2941
2025-07-25 12:00:00,84.14,44.28,10.04,0.3036
2025-07-25 13:00:00,67.48,71.62,7.64,0.2997
2025-07-25 14:00:00,69.2,65.41,6.67,0.2597
2025-07-25 15:00:00,48.92,73.55,7.51,0.259
2025-07-25 16:00:00,48.65,62.19,6.19,0.1911
2025-07-25 17:00:00,39.49,32.02,2.87,0.1442
2025-07-25 18:00:00,52.69,58.59,4.95,0.1481
2025-07-25 19:00:00,15.48,16.26,3.14,0.1354
2025-07-25 20:00:00,26.53,30.15,5.29,0.0774
2025-07-25 21:00:00,10.0,6.94,5.89,0.0633
2025-07-25 22:00:00,13.77,15.25,3.92,0.1134
2025-07-25 23:00:00,13.94,12.99,6.78,0.0912
2025-07-26 00:00:00,28.08,30.46,8.4,0.1084
2025-07-26 01:00:00,21.04,16.47,8.38,0.1185
2025-07-26 02:00:00,13.75,11.34,10.47,0.1956
2025-07-26 03:00:00,33.0,44.62,12.04,0.212
2025-07-26 04:00:00,29.89,20.46,11.42,0.1629
2025-07-26 05:00:00,36.2,25.58,12.2,0.2099
2025-07-26 06:00:00,32.88,32.37,14.08,0.2755
2025-07-26 07:00:00,41.18,31.64,12.57,0.2888
2025-07-26 08:00:00,185.82,136.48,11.77,0.2854
2025-07-26 09:00:00,60.9,62.82,9.39,0.2625
2025-07-26 10:00:00,65.21,35.76,11.01,0.2795
2025-07-26 11:00:00,79.48,55.45,9.53,0.2811
2025-07-26 12:00:00,71.08,114.88,9.93,0.2949
2025-07-26 13:00:00,45.47,51.74,7.04,0.3218
2025-07-26 14:00:00,66.68,51.75,3.28,0.2294
2025-07-26 15:00:00,48.93,55.07,2.62,0.1951
2025-07-26 16:00:00,47.52,55.61,5.64,0.1967
2025-07-26 17:00:00,42.6,55.31,3.28,0.2051
2025-07-26 18:00:00,37.19,35.77,4.66,0.1066
2025-07-26 19:00:00,24.9,32.19,4.31,0.1729
2025-07-26 20:00:00,31.38,12.19,4.29,0.1082
2025-07-26 21:00:00,13.18,9.0,5.03,0.0814
2025-07-26 22:00:00,23.27,24.41,4.7,0.052
2025-07-26 23:00:00,35.76,39.3,6.94,0.1246
2025-07-27 00:00:00,10.0,7.26,7.12,0.1083
2025-07-27 01:00:00,18.75,20.21,8.48,0.1344
2025-07-27 02:00:00,10.0,8.13,9.51,0.123
2025-07-27 03:00:00,26.38,24.19,10.49,0.1645
2025-07-27 04:00:00,40.14,52.48,12.85,0.1854
2025-07-27 05:00:00,48.0,61.09,11.67,0.2229
2025-07-27 06:00:00,50.62,35.48,13.54,0.2299
2025-07-27 07:00:00,64.88,44.3,14.17,0.2247
2025-07-27 08:00:00,85.37,74.84,12.75,0.3685
2025-07-27 09:00:00,84.91,84.23,11.63,0.2557
2025-07-27 10:00:00,71.8,57.63,10.49,0.3054
2025-07-27 11:00:00,67.37,88.4,10.33,0.2434
2025-07-27 12:00:00,76.75,84.75,8.13,0.2267
2025-07-27 13:00:00,71.4,80.1,8.44,0.2736
2025-07-27 14:00:00,79.59,49.35,6.92,0.2552
2025-07-27 15:00:00,61.76,83.39,4.63,0.2637
2025-07-27 16:00:00,64.42,9.92,5.88,0.212
2025-07-27 17:00:00,64.47,80.6,4.27,0.1696
2025-07-27 18:00:00,49.19,62.98,3.84,0.1215
2025-07-27 19:00:00,34.66,30.17,3.42,0.1743
2025-07-27 20:00:00,44.4,61.35,4.78,0.1413
2025-07-27 21:00:00,13.75,13.49,6.67,0.066
2025-07-27 22:00:00,21.4,21.8,7.33,0.1011
2025-07-27 23:00:00,20.69,22.8,7.49,0.1077
2025-07-28 00:00:00,20.13,39.37,8.9,0.103
2025-07-28 01:00:00,22.47,31.53,10.94,0.1524
2025-07-28 02:00:00,28.9,34.98,9.78,0.175
2025-07-28 03:00:00,28.5,20.7,9.16,0.1684
2025-07-28 04:00:00,32.06,33.44,13.42,0.1916
2025-07-28 05:00:00,38.97,29.47,11.07,0.2709
2025-07-28 06:00:00,45.11,56.23,10.96,0.278
2025-07-28 07:00:00,64.06,66.76,9.17,0.2729
2025-07-28 08:00:00,189.31,125.45,12.32,0.2377
2025-07-28 09:00:00,77.99,79.89,8.4,0.3069
2025-07-28 10:00:00,76.13,56.73,8.87,0.3209
2025-07-28 11:00:00,74.81,78.2,9.92,0.214
2025-07-28 12:00:00,84.95,63.05,9.08,0.2942
2025-07-28 13:00:00,73.16,73.76,5.99,0.2582
2025-07-28 14:00:00,81.09,99.34,5.8,0.2434
2025-07-28 15:00:00,72.92,71.75,3.86,0.1987
2025-07-28 16:00:00,60.23,53.17,3.71,0.1956
2025-07-28 17:00:00,61.99,65.77,4.54,0.2159
2025-07-28 18:00:00,54.37,65.75,3.25,0.1366
2025-07-28 19:00:00,51.5,34.39,3.77,0.1583
2025-07-28 20:00:00,42.73,46.07,2.34,0.0892
2025-07-28 21:00:00,209.23,291.93,6.87,0.1262
2025-07-28 22:00:00,15.0,17.58,6.77,0.1
2025-07-28 23:00:00,125.85,128.03,8.15,0.114
2025-07-29 00:00:00,10.0,11.92,9.94,0.1136
2025-07-29 01:00:00,28.62,32.5,7.8,0.1485
2025-07-29 02:00:00,27.47,33.68,9.46,0.073
2025-07-29 03:00:00,19.39,7.62,7.99,0.1315
2025-07-29 04:00:00,34.01,18.16,16.17,0.2125
2025-07-29 05:00:00,41.61,54.15,11.64,0.1646
2025-07-29 06:00:00,60.44,33.15,13.56,0.2341
2025-07-29 07:00:00,52.06,58.33,10.01,0.2691
2025-07-29 08:00:00,62.9,56.26,12.96,0.2618
2025-07-29 09:00:00,52.52,36.83,13.61,0.2758
2025-07-29 10:00:00,89.86,99.28,9.91,0.3081
2025-07-29 11:00:00,70.41,74.66,7.52,0.3269
2025-07-29 12:00:00,82.62,134.92,7.79,0.2578
2025-07-29 13:00:00,78.17,63.51,3.62,0.2535
2025-07-29 14:00:00,75.2,107.68,5.94,0.2281
2025-07-29 15:00:00,194.06,214.58,6.4,0.1532
2025-07-29 16:00:00,78.37,62.83,4.48,0.2043
2025-07-29 17:00:00,59.78,74.11,3.71,0.2022
2025-07-29 18:00:00,55.24,64.62,4.79,0.1805
2025-07-29 19:00:00,44.87,45.35,5.04,0.1032
2025-07-29 20:00:00,43.14,46.59,2.05,0.0758
2025-07-29 21:00:00,25.08,20.59,5.3,0.1041
2025-07-29 22:00:00,32.62,24.54,9.65,0.1249
2025-07-29 23:00:00,29.91,36.72,4.96,0.1081
2025-07-30 00:00:00,28.66,26.73,7.87,0.1221
2025-07-30 01:00:00,15.74,15.36,11.95,0.1635
2025-07-30 02:00:00,22.67,24.58,11.66,0.1278
2025-07-30 03:00:00,30.7,33.15,10.06,0.1675
2025-07-30 04:00:00,24.03,13.73,11.77,0.249
2025-07-30 05:00:00,54.99,76.22,11.86,0.22
2025-07-30 06:00:00,49.9,51.72,10.88,0.212
2025-07-30 07:00:00,60.04,56.39,11.75,0.2506
2025-07-30 08:00:00,60.38,68.19,11.04,0.2585
2025-07-30 09:00:00,60.6,64.9,11.0,0.3073
2025-07-30 10:00:00,71.15,87.52,8.88,0.2731
2025-07-30 11:00:00,80.73,93.76,7.12,0.3047
2025-07-30 12:00:00,85.39,103.78,7.94,0.2645
2025-07-30 13:00:00,80.27,112.81,9.54,0.207
2025-07-30 14:00:00,78.75,99.63,6.12,0.2592
2025-07-30 15:00:00,68.52,65.22,4.67,0.2303
2025-07-30 16:00:00,68.97,45.74,5.67,0.2155
2025-07-30 17:00:00,142.95,214.47,3.9,0.1539
2025-07-30 18:00:00,195.03,181.12,6.8,0.1266
2025-07-30 19:00:00,48.71,41.8,4.13,0.1413
2025-07-30 20:00:00,37.35,17.89,5.59,0.159
2025-07-30 21:00:00,16.76,18.46,4.04,0.1037
2025-07-30 22:00:00,15.66,16.36,6.75,0.1127
2025-07-30 23:00:00,24.66,13.45,7.38,0.0938
